-- phpMyAdmin SQL Dump
-- version 4.0.6deb1
-- http://www.phpmyadmin.net
--
-- Host: localhost
-- Generation Time: Jul 08, 2014 at 06:46 PM
-- Server version: 5.5.37-0ubuntu0.13.10.1
-- PHP Version: 5.5.3-1ubuntu2.3

SET SQL_MODE = "NO_AUTO_VALUE_ON_ZERO";
SET time_zone = "+00:00";


/*!40101 SET @OLD_CHARACTER_SET_CLIENT=@@CHARACTER_SET_CLIENT */;
/*!40101 SET @OLD_CHARACTER_SET_RESULTS=@@CHARACTER_SET_RESULTS */;
/*!40101 SET @OLD_COLLATION_CONNECTION=@@COLLATION_CONNECTION */;
/*!40101 SET NAMES utf8 */;

--
-- Database: `free_inventario`
--

-- --------------------------------------------------------

--
-- Table structure for table `catestados`
--

CREATE TABLE IF NOT EXISTS `catestados` (
  `id_catestado` int(11) NOT NULL AUTO_INCREMENT,
  `dsc_nombre` varchar(45) DEFAULT NULL,
  `fec_alta` date DEFAULT NULL,
  `fec_modif` date DEFAULT NULL,
  `fec_baja` date DEFAULT NULL,
  `dsc_baja` text,
  `sta_baja` char(1) DEFAULT NULL,
  PRIMARY KEY (`id_catestado`)
) ENGINE=InnoDB  DEFAULT CHARSET=utf8 AUTO_INCREMENT=33 ;

--
-- Dumping data for table `catestados`
--

INSERT INTO `catestados` (`id_catestado`, `dsc_nombre`, `fec_alta`, `fec_modif`, `fec_baja`, `dsc_baja`, `sta_baja`) VALUES
(1, '﻿Aguascalientes', '2014-07-07', NULL, NULL, NULL, 'N'),
(2, 'Baja California', '2014-07-07', NULL, NULL, NULL, 'N'),
(3, 'Baja California Sur', '2014-07-07', NULL, NULL, NULL, 'N'),
(4, 'Campeche', '2014-07-07', NULL, NULL, NULL, 'N'),
(5, 'Coahuila de Zaragoza', '2014-07-07', NULL, NULL, NULL, 'N'),
(6, 'Colima', '2014-07-07', NULL, NULL, NULL, 'N'),
(7, 'Chiapas', '2014-07-07', NULL, NULL, NULL, 'N'),
(8, 'Chihuahua', '2014-07-07', NULL, NULL, NULL, 'N'),
(9, 'Distrito Federal', '2014-07-07', NULL, NULL, NULL, 'N'),
(10, 'Durango', '2014-07-07', NULL, NULL, NULL, 'N'),
(11, 'Guanajuato', '2014-07-07', NULL, NULL, NULL, 'N'),
(12, 'Guerrero', '2014-07-07', NULL, NULL, NULL, 'N'),
(13, 'Hidalgo', '2014-07-07', NULL, NULL, NULL, 'N'),
(14, 'Jalisco', '2014-07-07', NULL, NULL, NULL, 'N'),
(15, 'México', '2014-07-07', NULL, NULL, NULL, 'N'),
(16, 'Michoacán de Ocampo', '2014-07-07', NULL, NULL, NULL, 'N'),
(17, 'Morelos', '2014-07-07', NULL, NULL, NULL, 'N'),
(18, 'Nayarit', '2014-07-07', NULL, NULL, NULL, 'N'),
(19, 'Nuevo León', '2014-07-07', NULL, NULL, NULL, 'N'),
(20, 'Oaxaca', '2014-07-07', NULL, NULL, NULL, 'N'),
(21, 'Puebla', '2014-07-07', NULL, NULL, NULL, 'N'),
(22, 'Querétaro', '2014-07-07', NULL, NULL, NULL, 'N'),
(23, 'Quintana Roo', '2014-07-07', NULL, NULL, NULL, 'N'),
(24, 'San Luis Potosí', '2014-07-07', NULL, NULL, NULL, 'N'),
(25, 'Sinaloa', '2014-07-07', NULL, NULL, NULL, 'N'),
(26, 'Sonora', '2014-07-07', NULL, NULL, NULL, 'N'),
(27, 'Tabasco', '2014-07-07', NULL, NULL, NULL, 'N'),
(28, 'Tamaulipas', '2014-07-07', NULL, NULL, NULL, 'N'),
(29, 'Tlaxcala', '2014-07-07', NULL, NULL, NULL, 'N'),
(30, 'Veracruz de Ignacio de la Llave', '2014-07-07', NULL, NULL, NULL, 'N'),
(31, 'Yucatán', '2014-07-07', NULL, NULL, NULL, 'N'),
(32, 'Zacatecas', '2014-07-07', NULL, NULL, NULL, 'N');

-- --------------------------------------------------------

--
-- Table structure for table `catfamilias`
--

CREATE TABLE IF NOT EXISTS `catfamilias` (
  `id_catfamilia` int(11) NOT NULL AUTO_INCREMENT,
  `cod_sap` int(11) DEFAULT NULL,
  `dsc_nombre` varchar(250) DEFAULT NULL,
  `dsc_descripcion` text,
  `fec_alta` date DEFAULT NULL,
  `fec_modif` date DEFAULT NULL,
  `fec_baja` date DEFAULT NULL,
  `dsc_baja` text,
  `sta_baja` char(1) DEFAULT NULL,
  PRIMARY KEY (`id_catfamilia`)
) ENGINE=InnoDB DEFAULT CHARSET=utf8 AUTO_INCREMENT=1 ;

-- --------------------------------------------------------

--
-- Table structure for table `catmateriales`
--

CREATE TABLE IF NOT EXISTS `catmateriales` (
  `id_catmaterial` int(11) NOT NULL AUTO_INCREMENT,
  `cod_producto` int(11) NOT NULL,
  `dsc_nombre` varchar(45) DEFAULT NULL,
  `dsc_descripcion` text,
  `id_catfamilia` int(11) DEFAULT NULL,
  `id_catunidad` int(11) DEFAULT NULL,
  `id_catproveedor` int(11) DEFAULT NULL,
  `fec_alta` date DEFAULT NULL,
  `fec_modif` date DEFAULT NULL,
  `fec_baja` date DEFAULT NULL,
  `dsc_baja` text,
  `sta_baja` char(1) DEFAULT NULL,
  PRIMARY KEY (`id_catmaterial`)
) ENGINE=InnoDB DEFAULT CHARSET=utf8 AUTO_INCREMENT=1 ;

-- --------------------------------------------------------

--
-- Table structure for table `catproveedores`
--

CREATE TABLE IF NOT EXISTS `catproveedores` (
  `id_catproveedor` int(11) NOT NULL AUTO_INCREMENT,
  `cod_sap` int(11) NOT NULL,
  `dsc_nombre` varchar(100) NOT NULL,
  `dsc_apellido_pat` varchar(100) NOT NULL,
  `dsc_apellido_mat` varchar(100) NOT NULL,
  `id_catestado` int(11) NOT NULL,
  `id_detmunicipio` int(11) NOT NULL,
  `dsc_colonia` varchar(250) NOT NULL,
  `dsc_calle` varchar(150) NOT NULL,
  `dsc_numero` int(11) NOT NULL,
  `dsc_codigo_postal` int(11) NOT NULL,
  `dsc_correo` varchar(150) NOT NULL,
  `tel_oficina` int(11) NOT NULL,
  `tel_celular` int(11) NOT NULL,
  `dsc_comercializadora` char(2) NOT NULL,
  `fec_alta` date DEFAULT NULL,
  `fec_modif` date DEFAULT NULL,
  `fec_baja` date DEFAULT NULL,
  `dsc_baja` text,
  `sta_baja` char(1) DEFAULT NULL,
  PRIMARY KEY (`id_catproveedor`)
) ENGINE=InnoDB DEFAULT CHARSET=utf8 AUTO_INCREMENT=1 ;

-- --------------------------------------------------------

--
-- Table structure for table `catunidades`
--

CREATE TABLE IF NOT EXISTS `catunidades` (
  `id_catunidad` int(11) NOT NULL AUTO_INCREMENT,
  `dsc_nombre` varchar(45) DEFAULT NULL,
  `fec_alta` date DEFAULT NULL,
  `fec_modif` date DEFAULT NULL,
  `fec_baja` date DEFAULT NULL,
  `dsc_baja` text,
  `sta_baja` char(1) DEFAULT NULL,
  PRIMARY KEY (`id_catunidad`)
) ENGINE=InnoDB  DEFAULT CHARSET=utf8 AUTO_INCREMENT=15 ;

--
-- Dumping data for table `catunidades`
--

INSERT INTO `catunidades` (`id_catunidad`, `dsc_nombre`, `fec_alta`, `fec_modif`, `fec_baja`, `dsc_baja`, `sta_baja`) VALUES
(8, 'Piezas', '2014-07-07', NULL, NULL, NULL, 'N'),
(9, 'Metros', '2014-07-07', NULL, NULL, NULL, 'N'),
(10, 'Kilogramos', '2014-07-07', NULL, NULL, NULL, 'N'),
(11, 'Juegos', '2014-07-07', NULL, NULL, NULL, 'N'),
(12, 'Litros', '2014-07-07', NULL, NULL, NULL, 'N'),
(13, 'Tubos', '2014-07-07', NULL, NULL, NULL, 'N'),
(14, 'Rollos', '2014-07-07', NULL, NULL, NULL, 'N');

-- --------------------------------------------------------

--
-- Table structure for table `catusuarios`
--

CREATE TABLE IF NOT EXISTS `catusuarios` (
  `id_catusuario` int(11) NOT NULL AUTO_INCREMENT,
  `dsc_nombre` varchar(45) DEFAULT NULL,
  `dsc_apellido_pat` varchar(45) DEFAULT NULL,
  `dsc_apellido_mat` varchar(45) DEFAULT NULL,
  `dsc_correo` varchar(45) DEFAULT NULL,
  `cod_usuario` int(11) NOT NULL,
  `dsc_contrasena` varchar(100) DEFAULT NULL,
  `fec_alta` date NOT NULL,
  `fec_modif` date DEFAULT NULL,
  `fec_baja` date DEFAULT NULL,
  `dsc_baja` text,
  `sta_baja` char(1) NOT NULL,
  PRIMARY KEY (`id_catusuario`)
) ENGINE=InnoDB  DEFAULT CHARSET=utf8 AUTO_INCREMENT=3 ;

--
-- Dumping data for table `catusuarios`
--

INSERT INTO `catusuarios` (`id_catusuario`, `dsc_nombre`, `dsc_apellido_pat`, `dsc_apellido_mat`, `dsc_correo`, `cod_usuario`, `dsc_contrasena`, `fec_alta`, `fec_modif`, `fec_baja`, `dsc_baja`, `sta_baja`) VALUES
(1, 'Ivan', 'Hernadez', 'Lopez', 'van.m285@gmail.com', 12345, '$2a$12$SgfaMukmHGVpiLMHxQO6QOKg3FFh6JmUmN2ChiiZmK14LmGFmrT3C', '2014-07-07', '2014-07-08', NULL, NULL, 'N'),
(2, 'Adriana', 'Tellez', 'Martinez', 'aditha.130990@gmail.com', 13091990, '$2a$12$kjqzN2UDyQ2AMWBZQJ4kv..vnT5Z5LaPoNQ8lgXnKdHHXPHJ1wmSW', '2014-07-02', '0000-00-00', '0000-00-00', '', 'N');

-- --------------------------------------------------------

--
-- Table structure for table `detmunicipios`
--

CREATE TABLE IF NOT EXISTS `detmunicipios` (
  `id_detmunicipio` int(11) NOT NULL AUTO_INCREMENT,
  `id_catestado` int(11) NOT NULL,
  `dsc_nombre` varchar(100) DEFAULT NULL,
  `fec_alta` date DEFAULT NULL,
  `fec_modif` date DEFAULT NULL,
  `fec_baja` date DEFAULT NULL,
  `dsc_baja` text,
  `sta_baja` char(1) DEFAULT NULL,
  PRIMARY KEY (`id_detmunicipio`)
) ENGINE=InnoDB  DEFAULT CHARSET=utf8 AUTO_INCREMENT=2457 ;

--
-- Dumping data for table `detmunicipios`
--

INSERT INTO `detmunicipios` (`id_detmunicipio`, `id_catestado`, `dsc_nombre`, `fec_alta`, `fec_modif`, `fec_baja`, `dsc_baja`, `sta_baja`) VALUES
(1, 1, 'Aguascalientes', '2014-07-07', NULL, NULL, NULL, 'N'),
(2, 1, 'Asientos', '2014-07-07', NULL, NULL, NULL, 'N'),
(3, 1, 'Calvillo', '2014-07-07', NULL, NULL, NULL, 'N'),
(4, 1, 'Cosío', '2014-07-07', NULL, NULL, NULL, 'N'),
(5, 1, 'Jesús María', '2014-07-07', NULL, NULL, NULL, 'N'),
(6, 1, 'Pabellón de Arteaga', '2014-07-07', NULL, NULL, NULL, 'N'),
(7, 1, 'Rincón de Romos', '2014-07-07', NULL, NULL, NULL, 'N'),
(8, 1, 'San José de Gracia', '2014-07-07', NULL, NULL, NULL, 'N'),
(9, 1, 'Tepezalá', '2014-07-07', NULL, NULL, NULL, 'N'),
(10, 1, 'El Llano', '2014-07-07', NULL, NULL, NULL, 'N'),
(11, 1, 'San Francisco de los Romo', '2014-07-07', NULL, NULL, NULL, 'N'),
(12, 2, 'Ensenada', '2014-07-07', NULL, NULL, NULL, 'N'),
(13, 2, 'Mexicali', '2014-07-07', NULL, NULL, NULL, 'N'),
(14, 2, 'Tecate', '2014-07-07', NULL, NULL, NULL, 'N'),
(15, 2, 'Tijuana', '2014-07-07', NULL, NULL, NULL, 'N'),
(16, 2, 'Playas de Rosarito', '2014-07-07', NULL, NULL, NULL, 'N'),
(17, 3, 'Comondú', '2014-07-07', NULL, NULL, NULL, 'N'),
(18, 3, 'Mulegé', '2014-07-07', NULL, NULL, NULL, 'N'),
(19, 3, 'La Paz', '2014-07-07', NULL, NULL, NULL, 'N'),
(20, 3, 'Los Cabos', '2014-07-07', NULL, NULL, NULL, 'N'),
(21, 3, 'Loreto', '2014-07-07', NULL, NULL, NULL, 'N'),
(22, 4, 'Calkiní', '2014-07-07', NULL, NULL, NULL, 'N'),
(23, 4, 'Campeche', '2014-07-07', NULL, NULL, NULL, 'N'),
(24, 4, 'Carmen', '2014-07-07', NULL, NULL, NULL, 'N'),
(25, 4, 'Champotón', '2014-07-07', NULL, NULL, NULL, 'N'),
(26, 4, 'Hecelchakán', '2014-07-07', NULL, NULL, NULL, 'N'),
(27, 4, 'Hopelchén', '2014-07-07', NULL, NULL, NULL, 'N'),
(28, 4, 'Palizada', '2014-07-07', NULL, NULL, NULL, 'N'),
(29, 4, 'Tenabo', '2014-07-07', NULL, NULL, NULL, 'N'),
(30, 4, 'Escárcega', '2014-07-07', NULL, NULL, NULL, 'N'),
(31, 4, 'Calakmul', '2014-07-07', NULL, NULL, NULL, 'N'),
(32, 4, 'Candelaria', '2014-07-07', NULL, NULL, NULL, 'N'),
(33, 5, 'Abasolo', '2014-07-07', NULL, NULL, NULL, 'N'),
(34, 5, 'Acuña', '2014-07-07', NULL, NULL, NULL, 'N'),
(35, 5, 'Allende', '2014-07-07', NULL, NULL, NULL, 'N'),
(36, 5, 'Arteaga', '2014-07-07', NULL, NULL, NULL, 'N'),
(37, 5, 'Candela', '2014-07-07', NULL, NULL, NULL, 'N'),
(38, 5, 'Castaños', '2014-07-07', NULL, NULL, NULL, 'N'),
(39, 5, 'Cuatro Ciénegas', '2014-07-07', NULL, NULL, NULL, 'N'),
(40, 5, 'Escobedo', '2014-07-07', NULL, NULL, NULL, 'N'),
(41, 5, 'Francisco I. Madero', '2014-07-07', NULL, NULL, NULL, 'N'),
(42, 5, 'Frontera', '2014-07-07', NULL, NULL, NULL, 'N'),
(43, 5, 'General Cepeda', '2014-07-07', NULL, NULL, NULL, 'N'),
(44, 5, 'Guerrero', '2014-07-07', NULL, NULL, NULL, 'N'),
(45, 5, 'Hidalgo', '2014-07-07', NULL, NULL, NULL, 'N'),
(46, 5, 'Jiménez', '2014-07-07', NULL, NULL, NULL, 'N'),
(47, 5, 'Juárez', '2014-07-07', NULL, NULL, NULL, 'N'),
(48, 5, 'Lamadrid', '2014-07-07', NULL, NULL, NULL, 'N'),
(49, 5, 'Matamoros', '2014-07-07', NULL, NULL, NULL, 'N'),
(50, 5, 'Monclova', '2014-07-07', NULL, NULL, NULL, 'N'),
(51, 5, 'Morelos', '2014-07-07', NULL, NULL, NULL, 'N'),
(52, 5, 'Múzquiz', '2014-07-07', NULL, NULL, NULL, 'N'),
(53, 5, 'Nadadores', '2014-07-07', NULL, NULL, NULL, 'N'),
(54, 5, 'Nava', '2014-07-07', NULL, NULL, NULL, 'N'),
(55, 5, 'Ocampo', '2014-07-07', NULL, NULL, NULL, 'N'),
(56, 5, 'Parras', '2014-07-07', NULL, NULL, NULL, 'N'),
(57, 5, 'Piedras Negras', '2014-07-07', NULL, NULL, NULL, 'N'),
(58, 5, 'Progreso', '2014-07-07', NULL, NULL, NULL, 'N'),
(59, 5, 'Ramos Arizpe', '2014-07-07', NULL, NULL, NULL, 'N'),
(60, 5, 'Sabinas', '2014-07-07', NULL, NULL, NULL, 'N'),
(61, 5, 'Sacramento', '2014-07-07', NULL, NULL, NULL, 'N'),
(62, 5, 'Saltillo', '2014-07-07', NULL, NULL, NULL, 'N'),
(63, 5, 'San Buenaventura', '2014-07-07', NULL, NULL, NULL, 'N'),
(64, 5, 'San Juan de Sabinas', '2014-07-07', NULL, NULL, NULL, 'N'),
(65, 5, 'San Pedro', '2014-07-07', NULL, NULL, NULL, 'N'),
(66, 5, 'Sierra Mojada', '2014-07-07', NULL, NULL, NULL, 'N'),
(67, 5, 'Torreón', '2014-07-07', NULL, NULL, NULL, 'N'),
(68, 5, 'Viesca', '2014-07-07', NULL, NULL, NULL, 'N'),
(69, 5, 'Villa Unión', '2014-07-07', NULL, NULL, NULL, 'N'),
(70, 5, 'Zaragoza', '2014-07-07', NULL, NULL, NULL, 'N'),
(71, 6, 'Armería', '2014-07-07', NULL, NULL, NULL, 'N'),
(72, 6, 'Colima', '2014-07-07', NULL, NULL, NULL, 'N'),
(73, 6, 'Comala', '2014-07-07', NULL, NULL, NULL, 'N'),
(74, 6, 'Coquimatlán', '2014-07-07', NULL, NULL, NULL, 'N'),
(75, 6, 'Cuauhtémoc', '2014-07-07', NULL, NULL, NULL, 'N'),
(76, 6, 'Ixtlahuacán', '2014-07-07', NULL, NULL, NULL, 'N'),
(77, 6, 'Manzanillo', '2014-07-07', NULL, NULL, NULL, 'N'),
(78, 6, 'Minatitlán', '2014-07-07', NULL, NULL, NULL, 'N'),
(79, 6, 'Tecomán', '2014-07-07', NULL, NULL, NULL, 'N'),
(80, 6, 'Villa de Álvarez', '2014-07-07', NULL, NULL, NULL, 'N'),
(81, 7, 'Acacoyagua', '2014-07-07', NULL, NULL, NULL, 'N'),
(82, 7, 'Acala', '2014-07-07', NULL, NULL, NULL, 'N'),
(83, 7, 'Acapetahua', '2014-07-07', NULL, NULL, NULL, 'N'),
(84, 7, 'Altamirano', '2014-07-07', NULL, NULL, NULL, 'N'),
(85, 7, 'Amatán', '2014-07-07', NULL, NULL, NULL, 'N'),
(86, 7, 'Amatenango de la Frontera', '2014-07-07', NULL, NULL, NULL, 'N'),
(87, 7, 'Amatenango del Valle', '2014-07-07', NULL, NULL, NULL, 'N'),
(88, 7, 'Angel Albino Corzo', '2014-07-07', NULL, NULL, NULL, 'N'),
(89, 7, 'Arriaga', '2014-07-07', NULL, NULL, NULL, 'N'),
(90, 7, 'Bejucal de Ocampo', '2014-07-07', NULL, NULL, NULL, 'N'),
(91, 7, 'Bella Vista', '2014-07-07', NULL, NULL, NULL, 'N'),
(92, 7, 'Berriozábal', '2014-07-07', NULL, NULL, NULL, 'N'),
(93, 7, 'Bochil', '2014-07-07', NULL, NULL, NULL, 'N'),
(94, 7, 'El Bosque', '2014-07-07', NULL, NULL, NULL, 'N'),
(95, 7, 'Cacahoatán', '2014-07-07', NULL, NULL, NULL, 'N'),
(96, 7, 'Catazajá', '2014-07-07', NULL, NULL, NULL, 'N'),
(97, 7, 'Cintalapa', '2014-07-07', NULL, NULL, NULL, 'N'),
(98, 7, 'Coapilla', '2014-07-07', NULL, NULL, NULL, 'N'),
(99, 7, 'Comitán de Domínguez', '2014-07-07', NULL, NULL, NULL, 'N'),
(100, 7, 'La Concordia', '2014-07-07', NULL, NULL, NULL, 'N'),
(101, 7, 'Copainalá', '2014-07-07', NULL, NULL, NULL, 'N'),
(102, 7, 'Chalchihuitán', '2014-07-07', NULL, NULL, NULL, 'N'),
(103, 7, 'Chamula', '2014-07-07', NULL, NULL, NULL, 'N'),
(104, 7, 'Chanal', '2014-07-07', NULL, NULL, NULL, 'N'),
(105, 7, 'Chapultenango', '2014-07-07', NULL, NULL, NULL, 'N'),
(106, 7, 'Chenalhó', '2014-07-07', NULL, NULL, NULL, 'N'),
(107, 7, 'Chiapa de Corzo', '2014-07-07', NULL, NULL, NULL, 'N'),
(108, 7, 'Chiapilla', '2014-07-07', NULL, NULL, NULL, 'N'),
(109, 7, 'Chicoasén', '2014-07-07', NULL, NULL, NULL, 'N'),
(110, 7, 'Chicomuselo', '2014-07-07', NULL, NULL, NULL, 'N'),
(111, 7, 'Chilón', '2014-07-07', NULL, NULL, NULL, 'N'),
(112, 7, 'Escuintla', '2014-07-07', NULL, NULL, NULL, 'N'),
(113, 7, 'Francisco León', '2014-07-07', NULL, NULL, NULL, 'N'),
(114, 7, 'Frontera Comalapa', '2014-07-07', NULL, NULL, NULL, 'N'),
(115, 7, 'Frontera Hidalgo', '2014-07-07', NULL, NULL, NULL, 'N'),
(116, 7, 'La Grandeza', '2014-07-07', NULL, NULL, NULL, 'N'),
(117, 7, 'Huehuetán', '2014-07-07', NULL, NULL, NULL, 'N'),
(118, 7, 'Huixtán', '2014-07-07', NULL, NULL, NULL, 'N'),
(119, 7, 'Huitiupán', '2014-07-07', NULL, NULL, NULL, 'N'),
(120, 7, 'Huixtla', '2014-07-07', NULL, NULL, NULL, 'N'),
(121, 7, 'La Independencia', '2014-07-07', NULL, NULL, NULL, 'N'),
(122, 7, 'Ixhuatán', '2014-07-07', NULL, NULL, NULL, 'N'),
(123, 7, 'Ixtacomitán', '2014-07-07', NULL, NULL, NULL, 'N'),
(124, 7, 'Ixtapa', '2014-07-07', NULL, NULL, NULL, 'N'),
(125, 7, 'Ixtapangajoya', '2014-07-07', NULL, NULL, NULL, 'N'),
(126, 7, 'Jiquipilas', '2014-07-07', NULL, NULL, NULL, 'N'),
(127, 7, 'Jitotol', '2014-07-07', NULL, NULL, NULL, 'N'),
(128, 7, 'Juárez', '2014-07-07', NULL, NULL, NULL, 'N'),
(129, 7, 'Larráinzar', '2014-07-07', NULL, NULL, NULL, 'N'),
(130, 7, 'La Libertad', '2014-07-07', NULL, NULL, NULL, 'N'),
(131, 7, 'Mapastepec', '2014-07-07', NULL, NULL, NULL, 'N'),
(132, 7, 'Las Margaritas', '2014-07-07', NULL, NULL, NULL, 'N'),
(133, 7, 'Mazapa de Madero', '2014-07-07', NULL, NULL, NULL, 'N'),
(134, 7, 'Mazatán', '2014-07-07', NULL, NULL, NULL, 'N'),
(135, 7, 'Metapa', '2014-07-07', NULL, NULL, NULL, 'N'),
(136, 7, 'Mitontic', '2014-07-07', NULL, NULL, NULL, 'N'),
(137, 7, 'Motozintla', '2014-07-07', NULL, NULL, NULL, 'N'),
(138, 7, 'Nicolás Ruíz', '2014-07-07', NULL, NULL, NULL, 'N'),
(139, 7, 'Ocosingo', '2014-07-07', NULL, NULL, NULL, 'N'),
(140, 7, 'Ocotepec', '2014-07-07', NULL, NULL, NULL, 'N'),
(141, 7, 'Ocozocoautla de Espinosa', '2014-07-07', NULL, NULL, NULL, 'N'),
(142, 7, 'Ostuacán', '2014-07-07', NULL, NULL, NULL, 'N'),
(143, 7, 'Osumacinta', '2014-07-07', NULL, NULL, NULL, 'N'),
(144, 7, 'Oxchuc', '2014-07-07', NULL, NULL, NULL, 'N'),
(145, 7, 'Palenque', '2014-07-07', NULL, NULL, NULL, 'N'),
(146, 7, 'Pantelhó', '2014-07-07', NULL, NULL, NULL, 'N'),
(147, 7, 'Pantepec', '2014-07-07', NULL, NULL, NULL, 'N'),
(148, 7, 'Pichucalco', '2014-07-07', NULL, NULL, NULL, 'N'),
(149, 7, 'Pijijiapan', '2014-07-07', NULL, NULL, NULL, 'N'),
(150, 7, 'El Porvenir', '2014-07-07', NULL, NULL, NULL, 'N'),
(151, 7, 'Villa Comaltitlán', '2014-07-07', NULL, NULL, NULL, 'N'),
(152, 7, 'Pueblo Nuevo Solistahuacán', '2014-07-07', NULL, NULL, NULL, 'N'),
(153, 7, 'Rayón', '2014-07-07', NULL, NULL, NULL, 'N'),
(154, 7, 'Reforma', '2014-07-07', NULL, NULL, NULL, 'N'),
(155, 7, 'Las Rosas', '2014-07-07', NULL, NULL, NULL, 'N'),
(156, 7, 'Sabanilla', '2014-07-07', NULL, NULL, NULL, 'N'),
(157, 7, 'Salto de Agua', '2014-07-07', NULL, NULL, NULL, 'N'),
(158, 7, 'San Cristóbal de las Casas', '2014-07-07', NULL, NULL, NULL, 'N'),
(159, 7, 'San Fernando', '2014-07-07', NULL, NULL, NULL, 'N'),
(160, 7, 'Siltepec', '2014-07-07', NULL, NULL, NULL, 'N'),
(161, 7, 'Simojovel', '2014-07-07', NULL, NULL, NULL, 'N'),
(162, 7, 'Sitalá', '2014-07-07', NULL, NULL, NULL, 'N'),
(163, 7, 'Socoltenango', '2014-07-07', NULL, NULL, NULL, 'N'),
(164, 7, 'Solosuchiapa', '2014-07-07', NULL, NULL, NULL, 'N'),
(165, 7, 'Soyaló', '2014-07-07', NULL, NULL, NULL, 'N'),
(166, 7, 'Suchiapa', '2014-07-07', NULL, NULL, NULL, 'N'),
(167, 7, 'Suchiate', '2014-07-07', NULL, NULL, NULL, 'N'),
(168, 7, 'Sunuapa', '2014-07-07', NULL, NULL, NULL, 'N'),
(169, 7, 'Tapachula', '2014-07-07', NULL, NULL, NULL, 'N'),
(170, 7, 'Tapalapa', '2014-07-07', NULL, NULL, NULL, 'N'),
(171, 7, 'Tapilula', '2014-07-07', NULL, NULL, NULL, 'N'),
(172, 7, 'Tecpatán', '2014-07-07', NULL, NULL, NULL, 'N'),
(173, 7, 'Tenejapa', '2014-07-07', NULL, NULL, NULL, 'N'),
(174, 7, 'Teopisca', '2014-07-07', NULL, NULL, NULL, 'N'),
(175, 7, 'Tila', '2014-07-07', NULL, NULL, NULL, 'N'),
(176, 7, 'Tonalá', '2014-07-07', NULL, NULL, NULL, 'N'),
(177, 7, 'Totolapa', '2014-07-07', NULL, NULL, NULL, 'N'),
(178, 7, 'La Trinitaria', '2014-07-07', NULL, NULL, NULL, 'N'),
(179, 7, 'Tumbalá', '2014-07-07', NULL, NULL, NULL, 'N'),
(180, 7, 'Tuxtla Gutiérrez', '2014-07-07', NULL, NULL, NULL, 'N'),
(181, 7, 'Tuxtla Chico', '2014-07-07', NULL, NULL, NULL, 'N'),
(182, 7, 'Tuzantán', '2014-07-07', NULL, NULL, NULL, 'N'),
(183, 7, 'Tzimol', '2014-07-07', NULL, NULL, NULL, 'N'),
(184, 7, 'Unión Juárez', '2014-07-07', NULL, NULL, NULL, 'N'),
(185, 7, 'Venustiano Carranza', '2014-07-07', NULL, NULL, NULL, 'N'),
(186, 7, 'Villa Corzo', '2014-07-07', NULL, NULL, NULL, 'N'),
(187, 7, 'Villaflores', '2014-07-07', NULL, NULL, NULL, 'N'),
(188, 7, 'Yajalón', '2014-07-07', NULL, NULL, NULL, 'N'),
(189, 7, 'San Lucas', '2014-07-07', NULL, NULL, NULL, 'N'),
(190, 7, 'Zinacantán', '2014-07-07', NULL, NULL, NULL, 'N'),
(191, 7, 'San Juan Cancuc', '2014-07-07', NULL, NULL, NULL, 'N'),
(192, 7, 'Aldama', '2014-07-07', NULL, NULL, NULL, 'N'),
(193, 7, 'Benemérito de las Américas', '2014-07-07', NULL, NULL, NULL, 'N'),
(194, 7, 'Maravilla Tenejapa', '2014-07-07', NULL, NULL, NULL, 'N'),
(195, 7, 'Marqués de Comillas', '2014-07-07', NULL, NULL, NULL, 'N'),
(196, 7, 'Montecristo de Guerrero', '2014-07-07', NULL, NULL, NULL, 'N'),
(197, 7, 'San Andrés Duraznal', '2014-07-07', NULL, NULL, NULL, 'N'),
(198, 7, 'Santiago el Pinar', '2014-07-07', NULL, NULL, NULL, 'N'),
(199, 8, 'Ahumada', '2014-07-07', NULL, NULL, NULL, 'N'),
(200, 8, 'Aldama', '2014-07-07', NULL, NULL, NULL, 'N'),
(201, 8, 'Allende', '2014-07-07', NULL, NULL, NULL, 'N'),
(202, 8, 'Aquiles Serdán', '2014-07-07', NULL, NULL, NULL, 'N'),
(203, 8, 'Ascensión', '2014-07-07', NULL, NULL, NULL, 'N'),
(204, 8, 'Bachíniva', '2014-07-07', NULL, NULL, NULL, 'N'),
(205, 8, 'Balleza', '2014-07-07', NULL, NULL, NULL, 'N'),
(206, 8, 'Batopilas', '2014-07-07', NULL, NULL, NULL, 'N'),
(207, 8, 'Bocoyna', '2014-07-07', NULL, NULL, NULL, 'N'),
(208, 8, 'Buenaventura', '2014-07-07', NULL, NULL, NULL, 'N'),
(209, 8, 'Camargo', '2014-07-07', NULL, NULL, NULL, 'N'),
(210, 8, 'Carichí', '2014-07-07', NULL, NULL, NULL, 'N'),
(211, 8, 'Casas Grandes', '2014-07-07', NULL, NULL, NULL, 'N'),
(212, 8, 'Coronado', '2014-07-07', NULL, NULL, NULL, 'N'),
(213, 8, 'Coyame del Sotol', '2014-07-07', NULL, NULL, NULL, 'N'),
(214, 8, 'La Cruz', '2014-07-07', NULL, NULL, NULL, 'N'),
(215, 8, 'Cuauhtémoc', '2014-07-07', NULL, NULL, NULL, 'N'),
(216, 8, 'Cusihuiriachi', '2014-07-07', NULL, NULL, NULL, 'N'),
(217, 8, 'Chihuahua', '2014-07-07', NULL, NULL, NULL, 'N'),
(218, 8, 'Chínipas', '2014-07-07', NULL, NULL, NULL, 'N'),
(219, 8, 'Delicias', '2014-07-07', NULL, NULL, NULL, 'N'),
(220, 8, 'Dr. Belisario Domínguez', '2014-07-07', NULL, NULL, NULL, 'N'),
(221, 8, 'Galeana', '2014-07-07', NULL, NULL, NULL, 'N'),
(222, 8, 'Santa Isabel', '2014-07-07', NULL, NULL, NULL, 'N'),
(223, 8, 'Gómez Farías', '2014-07-07', NULL, NULL, NULL, 'N'),
(224, 8, 'Gran Morelos', '2014-07-07', NULL, NULL, NULL, 'N'),
(225, 8, 'Guachochi', '2014-07-07', NULL, NULL, NULL, 'N'),
(226, 8, 'Guadalupe', '2014-07-07', NULL, NULL, NULL, 'N'),
(227, 8, 'Guadalupe y Calvo', '2014-07-07', NULL, NULL, NULL, 'N'),
(228, 8, 'Guazapares', '2014-07-07', NULL, NULL, NULL, 'N'),
(229, 8, 'Guerrero', '2014-07-07', NULL, NULL, NULL, 'N'),
(230, 8, 'Hidalgo del Parral', '2014-07-07', NULL, NULL, NULL, 'N'),
(231, 8, 'Huejotitán', '2014-07-07', NULL, NULL, NULL, 'N'),
(232, 8, 'Ignacio Zaragoza', '2014-07-07', NULL, NULL, NULL, 'N'),
(233, 8, 'Janos', '2014-07-07', NULL, NULL, NULL, 'N'),
(234, 8, 'Jiménez', '2014-07-07', NULL, NULL, NULL, 'N'),
(235, 8, 'Juárez', '2014-07-07', NULL, NULL, NULL, 'N'),
(236, 8, 'Julimes', '2014-07-07', NULL, NULL, NULL, 'N'),
(237, 8, 'López', '2014-07-07', NULL, NULL, NULL, 'N'),
(238, 8, 'Madera', '2014-07-07', NULL, NULL, NULL, 'N'),
(239, 8, 'Maguarichi', '2014-07-07', NULL, NULL, NULL, 'N'),
(240, 8, 'Manuel Benavides', '2014-07-07', NULL, NULL, NULL, 'N'),
(241, 8, 'Matachí', '2014-07-07', NULL, NULL, NULL, 'N'),
(242, 8, 'Matamoros', '2014-07-07', NULL, NULL, NULL, 'N'),
(243, 8, 'Meoqui', '2014-07-07', NULL, NULL, NULL, 'N'),
(244, 8, 'Morelos', '2014-07-07', NULL, NULL, NULL, 'N'),
(245, 8, 'Moris', '2014-07-07', NULL, NULL, NULL, 'N'),
(246, 8, 'Namiquipa', '2014-07-07', NULL, NULL, NULL, 'N'),
(247, 8, 'Nonoava', '2014-07-07', NULL, NULL, NULL, 'N'),
(248, 8, 'Nuevo Casas Grandes', '2014-07-07', NULL, NULL, NULL, 'N'),
(249, 8, 'Ocampo', '2014-07-07', NULL, NULL, NULL, 'N'),
(250, 8, 'Ojinaga', '2014-07-07', NULL, NULL, NULL, 'N'),
(251, 8, 'Praxedis G. Guerrero', '2014-07-07', NULL, NULL, NULL, 'N'),
(252, 8, 'Riva Palacio', '2014-07-07', NULL, NULL, NULL, 'N'),
(253, 8, 'Rosales', '2014-07-07', NULL, NULL, NULL, 'N'),
(254, 8, 'Rosario', '2014-07-07', NULL, NULL, NULL, 'N'),
(255, 8, 'San Francisco de Borja', '2014-07-07', NULL, NULL, NULL, 'N'),
(256, 8, 'San Francisco de Conchos', '2014-07-07', NULL, NULL, NULL, 'N'),
(257, 8, 'San Francisco del Oro', '2014-07-07', NULL, NULL, NULL, 'N'),
(258, 8, 'Santa Bárbara', '2014-07-07', NULL, NULL, NULL, 'N'),
(259, 8, 'Satevó', '2014-07-07', NULL, NULL, NULL, 'N'),
(260, 8, 'Saucillo', '2014-07-07', NULL, NULL, NULL, 'N'),
(261, 8, 'Temósachic', '2014-07-07', NULL, NULL, NULL, 'N'),
(262, 8, 'El Tule', '2014-07-07', NULL, NULL, NULL, 'N'),
(263, 8, 'Urique', '2014-07-07', NULL, NULL, NULL, 'N'),
(264, 8, 'Uruachi', '2014-07-07', NULL, NULL, NULL, 'N'),
(265, 8, 'Valle de Zaragoza', '2014-07-07', NULL, NULL, NULL, 'N'),
(266, 9, 'Azcapotzalco', '2014-07-07', NULL, NULL, NULL, 'N'),
(267, 9, 'Coyoacán', '2014-07-07', NULL, NULL, NULL, 'N'),
(268, 9, 'Cuajimalpa de Morelos', '2014-07-07', NULL, NULL, NULL, 'N'),
(269, 9, 'Gustavo A. Madero', '2014-07-07', NULL, NULL, NULL, 'N'),
(270, 9, 'Iztacalco', '2014-07-07', NULL, NULL, NULL, 'N'),
(271, 9, 'Iztapalapa', '2014-07-07', NULL, NULL, NULL, 'N'),
(272, 9, 'La Magdalena Contreras', '2014-07-07', NULL, NULL, NULL, 'N'),
(273, 9, 'Milpa Alta', '2014-07-07', NULL, NULL, NULL, 'N'),
(274, 9, 'Álvaro Obregón', '2014-07-07', NULL, NULL, NULL, 'N'),
(275, 9, 'Tláhuac', '2014-07-07', NULL, NULL, NULL, 'N'),
(276, 9, 'Tlalpan', '2014-07-07', NULL, NULL, NULL, 'N'),
(277, 9, 'Xochimilco', '2014-07-07', NULL, NULL, NULL, 'N'),
(278, 9, 'Benito Juárez', '2014-07-07', NULL, NULL, NULL, 'N'),
(279, 9, 'Cuauhtémoc', '2014-07-07', NULL, NULL, NULL, 'N'),
(280, 9, 'Miguel Hidalgo', '2014-07-07', NULL, NULL, NULL, 'N'),
(281, 9, 'Venustiano Carranza', '2014-07-07', NULL, NULL, NULL, 'N'),
(282, 10, 'Canatlán', '2014-07-07', NULL, NULL, NULL, 'N'),
(283, 10, 'Canelas', '2014-07-07', NULL, NULL, NULL, 'N'),
(284, 10, 'Coneto de Comonfort', '2014-07-07', NULL, NULL, NULL, 'N'),
(285, 10, 'Cuencamé', '2014-07-07', NULL, NULL, NULL, 'N'),
(286, 10, 'Durango', '2014-07-07', NULL, NULL, NULL, 'N'),
(287, 10, 'General Simón Bolívar', '2014-07-07', NULL, NULL, NULL, 'N'),
(288, 10, 'Gómez Palacio', '2014-07-07', NULL, NULL, NULL, 'N'),
(289, 10, 'Guadalupe Victoria', '2014-07-07', NULL, NULL, NULL, 'N'),
(290, 10, 'Guanaceví', '2014-07-07', NULL, NULL, NULL, 'N'),
(291, 10, 'Hidalgo', '2014-07-07', NULL, NULL, NULL, 'N'),
(292, 10, 'Indé', '2014-07-07', NULL, NULL, NULL, 'N'),
(293, 10, 'Lerdo', '2014-07-07', NULL, NULL, NULL, 'N'),
(294, 10, 'Mapimí', '2014-07-07', NULL, NULL, NULL, 'N'),
(295, 10, 'Mezquital', '2014-07-07', NULL, NULL, NULL, 'N'),
(296, 10, 'Nazas', '2014-07-07', NULL, NULL, NULL, 'N'),
(297, 10, 'Nombre de Dios', '2014-07-07', NULL, NULL, NULL, 'N'),
(298, 10, 'Ocampo', '2014-07-07', NULL, NULL, NULL, 'N'),
(299, 10, 'El Oro', '2014-07-07', NULL, NULL, NULL, 'N'),
(300, 10, 'Otáez', '2014-07-07', NULL, NULL, NULL, 'N'),
(301, 10, 'Pánuco de Coronado', '2014-07-07', NULL, NULL, NULL, 'N'),
(302, 10, 'Peñón Blanco', '2014-07-07', NULL, NULL, NULL, 'N'),
(303, 10, 'Poanas', '2014-07-07', NULL, NULL, NULL, 'N'),
(304, 10, 'Pueblo Nuevo', '2014-07-07', NULL, NULL, NULL, 'N'),
(305, 10, 'Rodeo', '2014-07-07', NULL, NULL, NULL, 'N'),
(306, 10, 'San Bernardo', '2014-07-07', NULL, NULL, NULL, 'N'),
(307, 10, 'San Dimas', '2014-07-07', NULL, NULL, NULL, 'N'),
(308, 10, 'San Juan de Guadalupe', '2014-07-07', NULL, NULL, NULL, 'N'),
(309, 10, 'San Juan del Río', '2014-07-07', NULL, NULL, NULL, 'N'),
(310, 10, 'San Luis del Cordero', '2014-07-07', NULL, NULL, NULL, 'N'),
(311, 10, 'San Pedro del Gallo', '2014-07-07', NULL, NULL, NULL, 'N'),
(312, 10, 'Santa Clara', '2014-07-07', NULL, NULL, NULL, 'N'),
(313, 10, 'Santiago Papasquiaro', '2014-07-07', NULL, NULL, NULL, 'N'),
(314, 10, 'Súchil', '2014-07-07', NULL, NULL, NULL, 'N'),
(315, 10, 'Tamazula', '2014-07-07', NULL, NULL, NULL, 'N'),
(316, 10, 'Tepehuanes', '2014-07-07', NULL, NULL, NULL, 'N'),
(317, 10, 'Tlahualilo', '2014-07-07', NULL, NULL, NULL, 'N'),
(318, 10, 'Topia', '2014-07-07', NULL, NULL, NULL, 'N'),
(319, 10, 'Vicente Guerrero', '2014-07-07', NULL, NULL, NULL, 'N'),
(320, 10, 'Nuevo Ideal', '2014-07-07', NULL, NULL, NULL, 'N'),
(321, 11, 'Abasolo', '2014-07-07', NULL, NULL, NULL, 'N'),
(322, 11, 'Acámbaro', '2014-07-07', NULL, NULL, NULL, 'N'),
(323, 11, 'San Miguel de Allende', '2014-07-07', NULL, NULL, NULL, 'N'),
(324, 11, 'Apaseo el Alto', '2014-07-07', NULL, NULL, NULL, 'N'),
(325, 11, 'Apaseo el Grande', '2014-07-07', NULL, NULL, NULL, 'N'),
(326, 11, 'Atarjea', '2014-07-07', NULL, NULL, NULL, 'N'),
(327, 11, 'Celaya', '2014-07-07', NULL, NULL, NULL, 'N'),
(328, 11, 'Manuel Doblado', '2014-07-07', NULL, NULL, NULL, 'N'),
(329, 11, 'Comonfort', '2014-07-07', NULL, NULL, NULL, 'N'),
(330, 11, 'Coroneo', '2014-07-07', NULL, NULL, NULL, 'N'),
(331, 11, 'Cortazar', '2014-07-07', NULL, NULL, NULL, 'N'),
(332, 11, 'Cuerámaro', '2014-07-07', NULL, NULL, NULL, 'N'),
(333, 11, 'Doctor Mora', '2014-07-07', NULL, NULL, NULL, 'N'),
(334, 11, 'Dolores Hidalgo Cuna de la Independencia Naci', '2014-07-07', NULL, NULL, NULL, 'N'),
(335, 11, 'Guanajuato', '2014-07-07', NULL, NULL, NULL, 'N'),
(336, 11, 'Huanímaro', '2014-07-07', NULL, NULL, NULL, 'N'),
(337, 11, 'Irapuato', '2014-07-07', NULL, NULL, NULL, 'N'),
(338, 11, 'Jaral del Progreso', '2014-07-07', NULL, NULL, NULL, 'N'),
(339, 11, 'Jerécuaro', '2014-07-07', NULL, NULL, NULL, 'N'),
(340, 11, 'León', '2014-07-07', NULL, NULL, NULL, 'N'),
(341, 11, 'Moroleón', '2014-07-07', NULL, NULL, NULL, 'N'),
(342, 11, 'Ocampo', '2014-07-07', NULL, NULL, NULL, 'N'),
(343, 11, 'Pénjamo', '2014-07-07', NULL, NULL, NULL, 'N'),
(344, 11, 'Pueblo Nuevo', '2014-07-07', NULL, NULL, NULL, 'N'),
(345, 11, 'Purísima del Rincón', '2014-07-07', NULL, NULL, NULL, 'N'),
(346, 11, 'Romita', '2014-07-07', NULL, NULL, NULL, 'N'),
(347, 11, 'Salamanca', '2014-07-07', NULL, NULL, NULL, 'N'),
(348, 11, 'Salvatierra', '2014-07-07', NULL, NULL, NULL, 'N'),
(349, 11, 'San Diego de la Unión', '2014-07-07', NULL, NULL, NULL, 'N'),
(350, 11, 'San Felipe', '2014-07-07', NULL, NULL, NULL, 'N'),
(351, 11, 'San Francisco del Rincón', '2014-07-07', NULL, NULL, NULL, 'N'),
(352, 11, 'San José Iturbide', '2014-07-07', NULL, NULL, NULL, 'N'),
(353, 11, 'San Luis de la Paz', '2014-07-07', NULL, NULL, NULL, 'N'),
(354, 11, 'Santa Catarina', '2014-07-07', NULL, NULL, NULL, 'N'),
(355, 11, 'Santa Cruz de Juventino Rosas', '2014-07-07', NULL, NULL, NULL, 'N'),
(356, 11, 'Santiago Maravatío', '2014-07-07', NULL, NULL, NULL, 'N'),
(357, 11, 'Silao', '2014-07-07', NULL, NULL, NULL, 'N'),
(358, 11, 'Tarandacuao', '2014-07-07', NULL, NULL, NULL, 'N'),
(359, 11, 'Tarimoro', '2014-07-07', NULL, NULL, NULL, 'N'),
(360, 11, 'Tierra Blanca', '2014-07-07', NULL, NULL, NULL, 'N'),
(361, 11, 'Uriangato', '2014-07-07', NULL, NULL, NULL, 'N'),
(362, 11, 'Valle de Santiago', '2014-07-07', NULL, NULL, NULL, 'N'),
(363, 11, 'Victoria', '2014-07-07', NULL, NULL, NULL, 'N'),
(364, 11, 'Villagrán', '2014-07-07', NULL, NULL, NULL, 'N'),
(365, 11, 'Xichú', '2014-07-07', NULL, NULL, NULL, 'N'),
(366, 11, 'Yuriria', '2014-07-07', NULL, NULL, NULL, 'N'),
(367, 12, 'Acapulco de Juárez', '2014-07-07', NULL, NULL, NULL, 'N'),
(368, 12, 'Ahuacuotzingo', '2014-07-07', NULL, NULL, NULL, 'N'),
(369, 12, 'Ajuchitlán del Progreso', '2014-07-07', NULL, NULL, NULL, 'N'),
(370, 12, 'Alcozauca de Guerrero', '2014-07-07', NULL, NULL, NULL, 'N'),
(371, 12, 'Alpoyeca', '2014-07-07', NULL, NULL, NULL, 'N'),
(372, 12, 'Apaxtla', '2014-07-07', NULL, NULL, NULL, 'N'),
(373, 12, 'Arcelia', '2014-07-07', NULL, NULL, NULL, 'N'),
(374, 12, 'Atenango del Río', '2014-07-07', NULL, NULL, NULL, 'N'),
(375, 12, 'Atlamajalcingo del Monte', '2014-07-07', NULL, NULL, NULL, 'N'),
(376, 12, 'Atlixtac', '2014-07-07', NULL, NULL, NULL, 'N'),
(377, 12, 'Atoyac de Álvarez', '2014-07-07', NULL, NULL, NULL, 'N'),
(378, 12, 'Ayutla de los Libres', '2014-07-07', NULL, NULL, NULL, 'N'),
(379, 12, 'Azoyú', '2014-07-07', NULL, NULL, NULL, 'N'),
(380, 12, 'Benito Juárez', '2014-07-07', NULL, NULL, NULL, 'N'),
(381, 12, 'Buenavista de Cuéllar', '2014-07-07', NULL, NULL, NULL, 'N'),
(382, 12, 'Coahuayutla de José María Izazaga', '2014-07-07', NULL, NULL, NULL, 'N'),
(383, 12, 'Cocula', '2014-07-07', NULL, NULL, NULL, 'N'),
(384, 12, 'Copala', '2014-07-07', NULL, NULL, NULL, 'N'),
(385, 12, 'Copalillo', '2014-07-07', NULL, NULL, NULL, 'N'),
(386, 12, 'Copanatoyac', '2014-07-07', NULL, NULL, NULL, 'N'),
(387, 12, 'Coyuca de Benítez', '2014-07-07', NULL, NULL, NULL, 'N'),
(388, 12, 'Coyuca de Catalán', '2014-07-07', NULL, NULL, NULL, 'N'),
(389, 12, 'Cuajinicuilapa', '2014-07-07', NULL, NULL, NULL, 'N'),
(390, 12, 'Cualác', '2014-07-07', NULL, NULL, NULL, 'N'),
(391, 12, 'Cuautepec', '2014-07-07', NULL, NULL, NULL, 'N'),
(392, 12, 'Cuetzala del Progreso', '2014-07-07', NULL, NULL, NULL, 'N'),
(393, 12, 'Cutzamala de Pinzón', '2014-07-07', NULL, NULL, NULL, 'N'),
(394, 12, 'Chilapa de Álvarez', '2014-07-07', NULL, NULL, NULL, 'N'),
(395, 12, 'Chilpancingo de los Bravo', '2014-07-07', NULL, NULL, NULL, 'N'),
(396, 12, 'Florencio Villarreal', '2014-07-07', NULL, NULL, NULL, 'N'),
(397, 12, 'General Canuto A. Neri', '2014-07-07', NULL, NULL, NULL, 'N'),
(398, 12, 'General Heliodoro Castillo', '2014-07-07', NULL, NULL, NULL, 'N'),
(399, 12, 'Huamuxtitlán', '2014-07-07', NULL, NULL, NULL, 'N'),
(400, 12, 'Huitzuco de los Figueroa', '2014-07-07', NULL, NULL, NULL, 'N'),
(401, 12, 'Iguala de la Independencia', '2014-07-07', NULL, NULL, NULL, 'N'),
(402, 12, 'Igualapa', '2014-07-07', NULL, NULL, NULL, 'N'),
(403, 12, 'Ixcateopan de Cuauhtémoc', '2014-07-07', NULL, NULL, NULL, 'N'),
(404, 12, 'Zihuatanejo de Azueta', '2014-07-07', NULL, NULL, NULL, 'N'),
(405, 12, 'Juan R. Escudero', '2014-07-07', NULL, NULL, NULL, 'N'),
(406, 12, 'Leonardo Bravo', '2014-07-07', NULL, NULL, NULL, 'N'),
(407, 12, 'Malinaltepec', '2014-07-07', NULL, NULL, NULL, 'N'),
(408, 12, 'Mártir de Cuilapan', '2014-07-07', NULL, NULL, NULL, 'N'),
(409, 12, 'Metlatónoc', '2014-07-07', NULL, NULL, NULL, 'N'),
(410, 12, 'Mochitlán', '2014-07-07', NULL, NULL, NULL, 'N'),
(411, 12, 'Olinalá', '2014-07-07', NULL, NULL, NULL, 'N'),
(412, 12, 'Ometepec', '2014-07-07', NULL, NULL, NULL, 'N'),
(413, 12, 'Pedro Ascencio Alquisiras', '2014-07-07', NULL, NULL, NULL, 'N'),
(414, 12, 'Petatlán', '2014-07-07', NULL, NULL, NULL, 'N'),
(415, 12, 'Pilcaya', '2014-07-07', NULL, NULL, NULL, 'N'),
(416, 12, 'Pungarabato', '2014-07-07', NULL, NULL, NULL, 'N'),
(417, 12, 'Quechultenango', '2014-07-07', NULL, NULL, NULL, 'N'),
(418, 12, 'San Luis Acatlán', '2014-07-07', NULL, NULL, NULL, 'N'),
(419, 12, 'San Marcos', '2014-07-07', NULL, NULL, NULL, 'N'),
(420, 12, 'San Miguel Totolapan', '2014-07-07', NULL, NULL, NULL, 'N'),
(421, 12, 'Taxco de Alarcón', '2014-07-07', NULL, NULL, NULL, 'N'),
(422, 12, 'Tecoanapa', '2014-07-07', NULL, NULL, NULL, 'N'),
(423, 12, 'Técpan de Galeana', '2014-07-07', NULL, NULL, NULL, 'N'),
(424, 12, 'Teloloapan', '2014-07-07', NULL, NULL, NULL, 'N'),
(425, 12, 'Tepecoacuilco de Trujano', '2014-07-07', NULL, NULL, NULL, 'N'),
(426, 12, 'Tetipac', '2014-07-07', NULL, NULL, NULL, 'N'),
(427, 12, 'Tixtla de Guerrero', '2014-07-07', NULL, NULL, NULL, 'N'),
(428, 12, 'Tlacoachistlahuaca', '2014-07-07', NULL, NULL, NULL, 'N'),
(429, 12, 'Tlacoapa', '2014-07-07', NULL, NULL, NULL, 'N'),
(430, 12, 'Tlalchapa', '2014-07-07', NULL, NULL, NULL, 'N'),
(431, 12, 'Tlalixtaquilla de Maldonado', '2014-07-07', NULL, NULL, NULL, 'N'),
(432, 12, 'Tlapa de Comonfort', '2014-07-07', NULL, NULL, NULL, 'N'),
(433, 12, 'Tlapehuala', '2014-07-07', NULL, NULL, NULL, 'N'),
(434, 12, 'La Unión de Isidoro Montes de Oca', '2014-07-07', NULL, NULL, NULL, 'N'),
(435, 12, 'Xalpatláhuac', '2014-07-07', NULL, NULL, NULL, 'N'),
(436, 12, 'Xochihuehuetlán', '2014-07-07', NULL, NULL, NULL, 'N'),
(437, 12, 'Xochistlahuaca', '2014-07-07', NULL, NULL, NULL, 'N'),
(438, 12, 'Zapotitlán Tablas', '2014-07-07', NULL, NULL, NULL, 'N'),
(439, 12, 'Zirándaro', '2014-07-07', NULL, NULL, NULL, 'N'),
(440, 12, 'Zitlala', '2014-07-07', NULL, NULL, NULL, 'N'),
(441, 12, 'Eduardo Neri', '2014-07-07', NULL, NULL, NULL, 'N'),
(442, 12, 'Acatepec', '2014-07-07', NULL, NULL, NULL, 'N'),
(443, 12, 'Marquelia', '2014-07-07', NULL, NULL, NULL, 'N'),
(444, 12, 'Cochoapa el Grande', '2014-07-07', NULL, NULL, NULL, 'N'),
(445, 12, 'José Joaquin de Herrera', '2014-07-07', NULL, NULL, NULL, 'N'),
(446, 12, 'Juchitán', '2014-07-07', NULL, NULL, NULL, 'N'),
(447, 12, 'Iliatenco', '2014-07-07', NULL, NULL, NULL, 'N'),
(448, 13, 'Acatlán', '2014-07-07', NULL, NULL, NULL, 'N'),
(449, 13, 'Acaxochitlán', '2014-07-07', NULL, NULL, NULL, 'N'),
(450, 13, 'Actopan', '2014-07-07', NULL, NULL, NULL, 'N'),
(451, 13, 'Agua Blanca de Iturbide', '2014-07-07', NULL, NULL, NULL, 'N'),
(452, 13, 'Ajacuba', '2014-07-07', NULL, NULL, NULL, 'N'),
(453, 13, 'Alfajayucan', '2014-07-07', NULL, NULL, NULL, 'N'),
(454, 13, 'Almoloya', '2014-07-07', NULL, NULL, NULL, 'N'),
(455, 13, 'Apan', '2014-07-07', NULL, NULL, NULL, 'N'),
(456, 13, 'El Arenal', '2014-07-07', NULL, NULL, NULL, 'N'),
(457, 13, 'Atitalaquia', '2014-07-07', NULL, NULL, NULL, 'N'),
(458, 13, 'Atlapexco', '2014-07-07', NULL, NULL, NULL, 'N'),
(459, 13, 'Atotonilco el Grande', '2014-07-07', NULL, NULL, NULL, 'N'),
(460, 13, 'Atotonilco de Tula', '2014-07-07', NULL, NULL, NULL, 'N'),
(461, 13, 'Calnali', '2014-07-07', NULL, NULL, NULL, 'N'),
(462, 13, 'Cardonal', '2014-07-07', NULL, NULL, NULL, 'N'),
(463, 13, 'Cuautepec de Hinojosa', '2014-07-07', NULL, NULL, NULL, 'N'),
(464, 13, 'Chapantongo', '2014-07-07', NULL, NULL, NULL, 'N'),
(465, 13, 'Chapulhuacán', '2014-07-07', NULL, NULL, NULL, 'N'),
(466, 13, 'Chilcuautla', '2014-07-07', NULL, NULL, NULL, 'N'),
(467, 13, 'Eloxochitlán', '2014-07-07', NULL, NULL, NULL, 'N'),
(468, 13, 'Emiliano Zapata', '2014-07-07', NULL, NULL, NULL, 'N'),
(469, 13, 'Epazoyucan', '2014-07-07', NULL, NULL, NULL, 'N'),
(470, 13, 'Francisco I. Madero', '2014-07-07', NULL, NULL, NULL, 'N'),
(471, 13, 'Huasca de Ocampo', '2014-07-07', NULL, NULL, NULL, 'N'),
(472, 13, 'Huautla', '2014-07-07', NULL, NULL, NULL, 'N'),
(473, 13, 'Huazalingo', '2014-07-07', NULL, NULL, NULL, 'N'),
(474, 13, 'Huehuetla', '2014-07-07', NULL, NULL, NULL, 'N'),
(475, 13, 'Huejutla de Reyes', '2014-07-07', NULL, NULL, NULL, 'N'),
(476, 13, 'Huichapan', '2014-07-07', NULL, NULL, NULL, 'N'),
(477, 13, 'Ixmiquilpan', '2014-07-07', NULL, NULL, NULL, 'N'),
(478, 13, 'Jacala de Ledezma', '2014-07-07', NULL, NULL, NULL, 'N'),
(479, 13, 'Jaltocán', '2014-07-07', NULL, NULL, NULL, 'N'),
(480, 13, 'Juárez Hidalgo', '2014-07-07', NULL, NULL, NULL, 'N'),
(481, 13, 'Lolotla', '2014-07-07', NULL, NULL, NULL, 'N'),
(482, 13, 'Metepec', '2014-07-07', NULL, NULL, NULL, 'N'),
(483, 13, 'San Agustín Metzquititlán', '2014-07-07', NULL, NULL, NULL, 'N'),
(484, 13, 'Metztitlán', '2014-07-07', NULL, NULL, NULL, 'N'),
(485, 13, 'Mineral del Chico', '2014-07-07', NULL, NULL, NULL, 'N'),
(486, 13, 'Mineral del Monte', '2014-07-07', NULL, NULL, NULL, 'N'),
(487, 13, 'La Misión', '2014-07-07', NULL, NULL, NULL, 'N'),
(488, 13, 'Mixquiahuala de Juárez', '2014-07-07', NULL, NULL, NULL, 'N'),
(489, 13, 'Molango de Escamilla', '2014-07-07', NULL, NULL, NULL, 'N'),
(490, 13, 'Nicolás Flores', '2014-07-07', NULL, NULL, NULL, 'N'),
(491, 13, 'Nopala de Villagrán', '2014-07-07', NULL, NULL, NULL, 'N'),
(492, 13, 'Omitlán de Juárez', '2014-07-07', NULL, NULL, NULL, 'N'),
(493, 13, 'San Felipe Orizatlán', '2014-07-07', NULL, NULL, NULL, 'N'),
(494, 13, 'Pacula', '2014-07-07', NULL, NULL, NULL, 'N'),
(495, 13, 'Pachuca de Soto', '2014-07-07', NULL, NULL, NULL, 'N'),
(496, 13, 'Pisaflores', '2014-07-07', NULL, NULL, NULL, 'N'),
(497, 13, 'Progreso de Obregón', '2014-07-07', NULL, NULL, NULL, 'N'),
(498, 13, 'Mineral de la Reforma', '2014-07-07', NULL, NULL, NULL, 'N'),
(499, 13, 'San Agustín Tlaxiaca', '2014-07-07', NULL, NULL, NULL, 'N'),
(500, 13, 'San Bartolo Tutotepec', '2014-07-07', NULL, NULL, NULL, 'N'),
(501, 13, 'San Salvador', '2014-07-07', NULL, NULL, NULL, 'N'),
(502, 13, 'Santiago de Anaya', '2014-07-07', NULL, NULL, NULL, 'N'),
(503, 13, 'Santiago Tulantepec de Lugo Guerrero', '2014-07-07', NULL, NULL, NULL, 'N'),
(504, 13, 'Singuilucan', '2014-07-07', NULL, NULL, NULL, 'N'),
(505, 13, 'Tasquillo', '2014-07-07', NULL, NULL, NULL, 'N'),
(506, 13, 'Tecozautla', '2014-07-07', NULL, NULL, NULL, 'N'),
(507, 13, 'Tenango de Doria', '2014-07-07', NULL, NULL, NULL, 'N'),
(508, 13, 'Tepeapulco', '2014-07-07', NULL, NULL, NULL, 'N'),
(509, 13, 'Tepehuacán de Guerrero', '2014-07-07', NULL, NULL, NULL, 'N'),
(510, 13, 'Tepeji del Río de Ocampo', '2014-07-07', NULL, NULL, NULL, 'N'),
(511, 13, 'Tepetitlán', '2014-07-07', NULL, NULL, NULL, 'N'),
(512, 13, 'Tetepango', '2014-07-07', NULL, NULL, NULL, 'N'),
(513, 13, 'Villa de Tezontepec', '2014-07-07', NULL, NULL, NULL, 'N'),
(514, 13, 'Tezontepec de Aldama', '2014-07-07', NULL, NULL, NULL, 'N'),
(515, 13, 'Tianguistengo', '2014-07-07', NULL, NULL, NULL, 'N'),
(516, 13, 'Tizayuca', '2014-07-07', NULL, NULL, NULL, 'N'),
(517, 13, 'Tlahuelilpan', '2014-07-07', NULL, NULL, NULL, 'N'),
(518, 13, 'Tlahuiltepa', '2014-07-07', NULL, NULL, NULL, 'N'),
(519, 13, 'Tlanalapa', '2014-07-07', NULL, NULL, NULL, 'N'),
(520, 13, 'Tlanchinol', '2014-07-07', NULL, NULL, NULL, 'N'),
(521, 13, 'Tlaxcoapan', '2014-07-07', NULL, NULL, NULL, 'N'),
(522, 13, 'Tolcayuca', '2014-07-07', NULL, NULL, NULL, 'N'),
(523, 13, 'Tula de Allende', '2014-07-07', NULL, NULL, NULL, 'N'),
(524, 13, 'Tulancingo de Bravo', '2014-07-07', NULL, NULL, NULL, 'N'),
(525, 13, 'Xochiatipan', '2014-07-07', NULL, NULL, NULL, 'N'),
(526, 13, 'Xochicoatlán', '2014-07-07', NULL, NULL, NULL, 'N'),
(527, 13, 'Yahualica', '2014-07-07', NULL, NULL, NULL, 'N'),
(528, 13, 'Zacualtipán de Ángeles', '2014-07-07', NULL, NULL, NULL, 'N'),
(529, 13, 'Zapotlán de Juárez', '2014-07-07', NULL, NULL, NULL, 'N'),
(530, 13, 'Zempoala', '2014-07-07', NULL, NULL, NULL, 'N'),
(531, 13, 'Zimapán', '2014-07-07', NULL, NULL, NULL, 'N'),
(532, 14, 'Acatic', '2014-07-07', NULL, NULL, NULL, 'N'),
(533, 14, 'Acatlán de Juárez', '2014-07-07', NULL, NULL, NULL, 'N'),
(534, 14, 'Ahualulco de Mercado', '2014-07-07', NULL, NULL, NULL, 'N'),
(535, 14, 'Amacueca', '2014-07-07', NULL, NULL, NULL, 'N'),
(536, 14, 'Amatitán', '2014-07-07', NULL, NULL, NULL, 'N'),
(537, 14, 'Ameca', '2014-07-07', NULL, NULL, NULL, 'N'),
(538, 14, 'San Juanito de Escobedo', '2014-07-07', NULL, NULL, NULL, 'N'),
(539, 14, 'Arandas', '2014-07-07', NULL, NULL, NULL, 'N'),
(540, 14, 'El Arenal', '2014-07-07', NULL, NULL, NULL, 'N'),
(541, 14, 'Atemajac de Brizuela', '2014-07-07', NULL, NULL, NULL, 'N'),
(542, 14, 'Atengo', '2014-07-07', NULL, NULL, NULL, 'N'),
(543, 14, 'Atenguillo', '2014-07-07', NULL, NULL, NULL, 'N'),
(544, 14, 'Atotonilco el Alto', '2014-07-07', NULL, NULL, NULL, 'N'),
(545, 14, 'Atoyac', '2014-07-07', NULL, NULL, NULL, 'N'),
(546, 14, 'Autlán de Navarro', '2014-07-07', NULL, NULL, NULL, 'N'),
(547, 14, 'Ayotlán', '2014-07-07', NULL, NULL, NULL, 'N'),
(548, 14, 'Ayutla', '2014-07-07', NULL, NULL, NULL, 'N'),
(549, 14, 'La Barca', '2014-07-07', NULL, NULL, NULL, 'N'),
(550, 14, 'Bolaños', '2014-07-07', NULL, NULL, NULL, 'N'),
(551, 14, 'Cabo Corrientes', '2014-07-07', NULL, NULL, NULL, 'N'),
(552, 14, 'Casimiro Castillo', '2014-07-07', NULL, NULL, NULL, 'N'),
(553, 14, 'Cihuatlán', '2014-07-07', NULL, NULL, NULL, 'N'),
(554, 14, 'Zapotlán el Grande', '2014-07-07', NULL, NULL, NULL, 'N'),
(555, 14, 'Cocula', '2014-07-07', NULL, NULL, NULL, 'N'),
(556, 14, 'Colotlán', '2014-07-07', NULL, NULL, NULL, 'N'),
(557, 14, 'Concepción de Buenos Aires', '2014-07-07', NULL, NULL, NULL, 'N'),
(558, 14, 'Cuautitlán de García Barragán', '2014-07-07', NULL, NULL, NULL, 'N'),
(559, 14, 'Cuautla', '2014-07-07', NULL, NULL, NULL, 'N'),
(560, 14, 'Cuquío', '2014-07-07', NULL, NULL, NULL, 'N'),
(561, 14, 'Chapala', '2014-07-07', NULL, NULL, NULL, 'N'),
(562, 14, 'Chimaltitán', '2014-07-07', NULL, NULL, NULL, 'N'),
(563, 14, 'Chiquilistlán', '2014-07-07', NULL, NULL, NULL, 'N'),
(564, 14, 'Degollado', '2014-07-07', NULL, NULL, NULL, 'N'),
(565, 14, 'Ejutla', '2014-07-07', NULL, NULL, NULL, 'N'),
(566, 14, 'Encarnación de Díaz', '2014-07-07', NULL, NULL, NULL, 'N'),
(567, 14, 'Etzatlán', '2014-07-07', NULL, NULL, NULL, 'N'),
(568, 14, 'El Grullo', '2014-07-07', NULL, NULL, NULL, 'N'),
(569, 14, 'Guachinango', '2014-07-07', NULL, NULL, NULL, 'N'),
(570, 14, 'Guadalajara', '2014-07-07', NULL, NULL, NULL, 'N'),
(571, 14, 'Hostotipaquillo', '2014-07-07', NULL, NULL, NULL, 'N'),
(572, 14, 'Huejúcar', '2014-07-07', NULL, NULL, NULL, 'N'),
(573, 14, 'Huejuquilla el Alto', '2014-07-07', NULL, NULL, NULL, 'N'),
(574, 14, 'La Huerta', '2014-07-07', NULL, NULL, NULL, 'N'),
(575, 14, 'Ixtlahuacán de los Membrillos', '2014-07-07', NULL, NULL, NULL, 'N'),
(576, 14, 'Ixtlahuacán del Río', '2014-07-07', NULL, NULL, NULL, 'N'),
(577, 14, 'Jalostotitlán', '2014-07-07', NULL, NULL, NULL, 'N'),
(578, 14, 'Jamay', '2014-07-07', NULL, NULL, NULL, 'N'),
(579, 14, 'Jesús María', '2014-07-07', NULL, NULL, NULL, 'N'),
(580, 14, 'Jilotlán de los Dolores', '2014-07-07', NULL, NULL, NULL, 'N'),
(581, 14, 'Jocotepec', '2014-07-07', NULL, NULL, NULL, 'N'),
(582, 14, 'Juanacatlán', '2014-07-07', NULL, NULL, NULL, 'N'),
(583, 14, 'Juchitlán', '2014-07-07', NULL, NULL, NULL, 'N'),
(584, 14, 'Lagos de Moreno', '2014-07-07', NULL, NULL, NULL, 'N'),
(585, 14, 'El Limón', '2014-07-07', NULL, NULL, NULL, 'N'),
(586, 14, 'Magdalena', '2014-07-07', NULL, NULL, NULL, 'N'),
(587, 14, 'Santa María del Oro', '2014-07-07', NULL, NULL, NULL, 'N'),
(588, 14, 'La Manzanilla de la Paz', '2014-07-07', NULL, NULL, NULL, 'N'),
(589, 14, 'Mascota', '2014-07-07', NULL, NULL, NULL, 'N'),
(590, 14, 'Mazamitla', '2014-07-07', NULL, NULL, NULL, 'N'),
(591, 14, 'Mexticacán', '2014-07-07', NULL, NULL, NULL, 'N'),
(592, 14, 'Mezquitic', '2014-07-07', NULL, NULL, NULL, 'N'),
(593, 14, 'Mixtlán', '2014-07-07', NULL, NULL, NULL, 'N'),
(594, 14, 'Ocotlán', '2014-07-07', NULL, NULL, NULL, 'N'),
(595, 14, 'Ojuelos de Jalisco', '2014-07-07', NULL, NULL, NULL, 'N'),
(596, 14, 'Pihuamo', '2014-07-07', NULL, NULL, NULL, 'N'),
(597, 14, 'Poncitlán', '2014-07-07', NULL, NULL, NULL, 'N'),
(598, 14, 'Puerto Vallarta', '2014-07-07', NULL, NULL, NULL, 'N'),
(599, 14, 'Villa Purificación', '2014-07-07', NULL, NULL, NULL, 'N'),
(600, 14, 'Quitupan', '2014-07-07', NULL, NULL, NULL, 'N'),
(601, 14, 'El Salto', '2014-07-07', NULL, NULL, NULL, 'N'),
(602, 14, 'San Cristóbal de la Barranca', '2014-07-07', NULL, NULL, NULL, 'N'),
(603, 14, 'San Diego de Alejandría', '2014-07-07', NULL, NULL, NULL, 'N'),
(604, 14, 'San Juan de los Lagos', '2014-07-07', NULL, NULL, NULL, 'N'),
(605, 14, 'San Julián', '2014-07-07', NULL, NULL, NULL, 'N'),
(606, 14, 'San Marcos', '2014-07-07', NULL, NULL, NULL, 'N'),
(607, 14, 'San Martín de Bolaños', '2014-07-07', NULL, NULL, NULL, 'N'),
(608, 14, 'San Martín Hidalgo', '2014-07-07', NULL, NULL, NULL, 'N'),
(609, 14, 'San Miguel el Alto', '2014-07-07', NULL, NULL, NULL, 'N'),
(610, 14, 'Gómez Farías', '2014-07-07', NULL, NULL, NULL, 'N'),
(611, 14, 'San Sebastián del Oeste', '2014-07-07', NULL, NULL, NULL, 'N'),
(612, 14, 'Santa María de los Ángeles', '2014-07-07', NULL, NULL, NULL, 'N'),
(613, 14, 'Sayula', '2014-07-07', NULL, NULL, NULL, 'N'),
(614, 14, 'Tala', '2014-07-07', NULL, NULL, NULL, 'N'),
(615, 14, 'Talpa de Allende', '2014-07-07', NULL, NULL, NULL, 'N'),
(616, 14, 'Tamazula de Gordiano', '2014-07-07', NULL, NULL, NULL, 'N'),
(617, 14, 'Tapalpa', '2014-07-07', NULL, NULL, NULL, 'N'),
(618, 14, 'Tecalitlán', '2014-07-07', NULL, NULL, NULL, 'N'),
(619, 14, 'Tecolotlán', '2014-07-07', NULL, NULL, NULL, 'N'),
(620, 14, 'Techaluta de Montenegro', '2014-07-07', NULL, NULL, NULL, 'N'),
(621, 14, 'Tenamaxtlán', '2014-07-07', NULL, NULL, NULL, 'N'),
(622, 14, 'Teocaltiche', '2014-07-07', NULL, NULL, NULL, 'N'),
(623, 14, 'Teocuitatlán de Corona', '2014-07-07', NULL, NULL, NULL, 'N'),
(624, 14, 'Tepatitlán de Morelos', '2014-07-07', NULL, NULL, NULL, 'N'),
(625, 14, 'Tequila', '2014-07-07', NULL, NULL, NULL, 'N'),
(626, 14, 'Teuchitlán', '2014-07-07', NULL, NULL, NULL, 'N'),
(627, 14, 'Tizapán el Alto', '2014-07-07', NULL, NULL, NULL, 'N'),
(628, 14, 'Tlajomulco de Zúñiga', '2014-07-07', NULL, NULL, NULL, 'N'),
(629, 14, 'Tlaquepaque', '2014-07-07', NULL, NULL, NULL, 'N'),
(630, 14, 'Tolimán', '2014-07-07', NULL, NULL, NULL, 'N'),
(631, 14, 'Tomatlán', '2014-07-07', NULL, NULL, NULL, 'N'),
(632, 14, 'Tonalá', '2014-07-07', NULL, NULL, NULL, 'N'),
(633, 14, 'Tonaya', '2014-07-07', NULL, NULL, NULL, 'N'),
(634, 14, 'Tonila', '2014-07-07', NULL, NULL, NULL, 'N'),
(635, 14, 'Totatiche', '2014-07-07', NULL, NULL, NULL, 'N'),
(636, 14, 'Tototlán', '2014-07-07', NULL, NULL, NULL, 'N'),
(637, 14, 'Tuxcacuesco', '2014-07-07', NULL, NULL, NULL, 'N'),
(638, 14, 'Tuxcueca', '2014-07-07', NULL, NULL, NULL, 'N'),
(639, 14, 'Tuxpan', '2014-07-07', NULL, NULL, NULL, 'N'),
(640, 14, 'Unión de San Antonio', '2014-07-07', NULL, NULL, NULL, 'N'),
(641, 14, 'Unión de Tula', '2014-07-07', NULL, NULL, NULL, 'N'),
(642, 14, 'Valle de Guadalupe', '2014-07-07', NULL, NULL, NULL, 'N'),
(643, 14, 'Valle de Juárez', '2014-07-07', NULL, NULL, NULL, 'N'),
(644, 14, 'San Gabriel', '2014-07-07', NULL, NULL, NULL, 'N'),
(645, 14, 'Villa Corona', '2014-07-07', NULL, NULL, NULL, 'N'),
(646, 14, 'Villa Guerrero', '2014-07-07', NULL, NULL, NULL, 'N'),
(647, 14, 'Villa Hidalgo', '2014-07-07', NULL, NULL, NULL, 'N'),
(648, 14, 'Cañadas de Obregón', '2014-07-07', NULL, NULL, NULL, 'N'),
(649, 14, 'Yahualica de González Gallo', '2014-07-07', NULL, NULL, NULL, 'N'),
(650, 14, 'Zacoalco de Torres', '2014-07-07', NULL, NULL, NULL, 'N'),
(651, 14, 'Zapopan', '2014-07-07', NULL, NULL, NULL, 'N'),
(652, 14, 'Zapotiltic', '2014-07-07', NULL, NULL, NULL, 'N'),
(653, 14, 'Zapotitlán de Vadillo', '2014-07-07', NULL, NULL, NULL, 'N'),
(654, 14, 'Zapotlán del Rey', '2014-07-07', NULL, NULL, NULL, 'N'),
(655, 14, 'Zapotlanejo', '2014-07-07', NULL, NULL, NULL, 'N'),
(656, 14, 'San Ignacio Cerro Gordo', '2014-07-07', NULL, NULL, NULL, 'N'),
(657, 15, 'Acambay', '2014-07-07', NULL, NULL, NULL, 'N'),
(658, 15, 'Acolman', '2014-07-07', NULL, NULL, NULL, 'N'),
(659, 15, 'Aculco', '2014-07-07', NULL, NULL, NULL, 'N'),
(660, 15, 'Almoloya de Alquisiras', '2014-07-07', NULL, NULL, NULL, 'N'),
(661, 15, 'Almoloya de Juárez', '2014-07-07', NULL, NULL, NULL, 'N'),
(662, 15, 'Almoloya del Río', '2014-07-07', NULL, NULL, NULL, 'N'),
(663, 15, 'Amanalco', '2014-07-07', NULL, NULL, NULL, 'N'),
(664, 15, 'Amatepec', '2014-07-07', NULL, NULL, NULL, 'N'),
(665, 15, 'Amecameca', '2014-07-07', NULL, NULL, NULL, 'N'),
(666, 15, 'Apaxco', '2014-07-07', NULL, NULL, NULL, 'N'),
(667, 15, 'Atenco', '2014-07-07', NULL, NULL, NULL, 'N'),
(668, 15, 'Atizapán', '2014-07-07', NULL, NULL, NULL, 'N'),
(669, 15, 'Atizapán de Zaragoza', '2014-07-07', NULL, NULL, NULL, 'N'),
(670, 15, 'Atlacomulco', '2014-07-07', NULL, NULL, NULL, 'N'),
(671, 15, 'Atlautla', '2014-07-07', NULL, NULL, NULL, 'N'),
(672, 15, 'Axapusco', '2014-07-07', NULL, NULL, NULL, 'N'),
(673, 15, 'Ayapango', '2014-07-07', NULL, NULL, NULL, 'N'),
(674, 15, 'Calimaya', '2014-07-07', NULL, NULL, NULL, 'N'),
(675, 15, 'Capulhuac', '2014-07-07', NULL, NULL, NULL, 'N'),
(676, 15, 'Coacalco de Berriozábal', '2014-07-07', NULL, NULL, NULL, 'N'),
(677, 15, 'Coatepec Harinas', '2014-07-07', NULL, NULL, NULL, 'N'),
(678, 15, 'Cocotitlán', '2014-07-07', NULL, NULL, NULL, 'N'),
(679, 15, 'Coyotepec', '2014-07-07', NULL, NULL, NULL, 'N'),
(680, 15, 'Cuautitlán', '2014-07-07', NULL, NULL, NULL, 'N'),
(681, 15, 'Chalco', '2014-07-07', NULL, NULL, NULL, 'N'),
(682, 15, 'Chapa de Mota', '2014-07-07', NULL, NULL, NULL, 'N'),
(683, 15, 'Chapultepec', '2014-07-07', NULL, NULL, NULL, 'N'),
(684, 15, 'Chiautla', '2014-07-07', NULL, NULL, NULL, 'N'),
(685, 15, 'Chicoloapan', '2014-07-07', NULL, NULL, NULL, 'N'),
(686, 15, 'Chiconcuac', '2014-07-07', NULL, NULL, NULL, 'N'),
(687, 15, 'Chimalhuacán', '2014-07-07', NULL, NULL, NULL, 'N'),
(688, 15, 'Donato Guerra', '2014-07-07', NULL, NULL, NULL, 'N'),
(689, 15, 'Ecatepec de Morelos', '2014-07-07', NULL, NULL, NULL, 'N'),
(690, 15, 'Ecatzingo', '2014-07-07', NULL, NULL, NULL, 'N'),
(691, 15, 'Huehuetoca', '2014-07-07', NULL, NULL, NULL, 'N'),
(692, 15, 'Hueypoxtla', '2014-07-07', NULL, NULL, NULL, 'N'),
(693, 15, 'Huixquilucan', '2014-07-07', NULL, NULL, NULL, 'N'),
(694, 15, 'Isidro Fabela', '2014-07-07', NULL, NULL, NULL, 'N'),
(695, 15, 'Ixtapaluca', '2014-07-07', NULL, NULL, NULL, 'N'),
(696, 15, 'Ixtapan de la Sal', '2014-07-07', NULL, NULL, NULL, 'N'),
(697, 15, 'Ixtapan del Oro', '2014-07-07', NULL, NULL, NULL, 'N'),
(698, 15, 'Ixtlahuaca', '2014-07-07', NULL, NULL, NULL, 'N'),
(699, 15, 'Xalatlaco', '2014-07-07', NULL, NULL, NULL, 'N'),
(700, 15, 'Jaltenco', '2014-07-07', NULL, NULL, NULL, 'N'),
(701, 15, 'Jilotepec', '2014-07-07', NULL, NULL, NULL, 'N'),
(702, 15, 'Jilotzingo', '2014-07-07', NULL, NULL, NULL, 'N'),
(703, 15, 'Jiquipilco', '2014-07-07', NULL, NULL, NULL, 'N'),
(704, 15, 'Jocotitlán', '2014-07-07', NULL, NULL, NULL, 'N'),
(705, 15, 'Joquicingo', '2014-07-07', NULL, NULL, NULL, 'N'),
(706, 15, 'Juchitepec', '2014-07-07', NULL, NULL, NULL, 'N'),
(707, 15, 'Lerma', '2014-07-07', NULL, NULL, NULL, 'N'),
(708, 15, 'Malinalco', '2014-07-07', NULL, NULL, NULL, 'N'),
(709, 15, 'Melchor Ocampo', '2014-07-07', NULL, NULL, NULL, 'N'),
(710, 15, 'Metepec', '2014-07-07', NULL, NULL, NULL, 'N'),
(711, 15, 'Mexicaltzingo', '2014-07-07', NULL, NULL, NULL, 'N'),
(712, 15, 'Morelos', '2014-07-07', NULL, NULL, NULL, 'N'),
(713, 15, 'Naucalpan de Juárez', '2014-07-07', NULL, NULL, NULL, 'N'),
(714, 15, 'Nezahualcóyotl', '2014-07-07', NULL, NULL, NULL, 'N'),
(715, 15, 'Nextlalpan', '2014-07-07', NULL, NULL, NULL, 'N'),
(716, 15, 'Nicolás Romero', '2014-07-07', NULL, NULL, NULL, 'N'),
(717, 15, 'Nopaltepec', '2014-07-07', NULL, NULL, NULL, 'N'),
(718, 15, 'Ocoyoacac', '2014-07-07', NULL, NULL, NULL, 'N'),
(719, 15, 'Ocuilan', '2014-07-07', NULL, NULL, NULL, 'N'),
(720, 15, 'El Oro', '2014-07-07', NULL, NULL, NULL, 'N'),
(721, 15, 'Otumba', '2014-07-07', NULL, NULL, NULL, 'N'),
(722, 15, 'Otzoloapan', '2014-07-07', NULL, NULL, NULL, 'N'),
(723, 15, 'Otzolotepec', '2014-07-07', NULL, NULL, NULL, 'N'),
(724, 15, 'Ozumba', '2014-07-07', NULL, NULL, NULL, 'N'),
(725, 15, 'Papalotla', '2014-07-07', NULL, NULL, NULL, 'N'),
(726, 15, 'La Paz', '2014-07-07', NULL, NULL, NULL, 'N'),
(727, 15, 'Polotitlán', '2014-07-07', NULL, NULL, NULL, 'N'),
(728, 15, 'Rayón', '2014-07-07', NULL, NULL, NULL, 'N'),
(729, 15, 'San Antonio la Isla', '2014-07-07', NULL, NULL, NULL, 'N'),
(730, 15, 'San Felipe del Progreso', '2014-07-07', NULL, NULL, NULL, 'N'),
(731, 15, 'San Martín de las Pirámides', '2014-07-07', NULL, NULL, NULL, 'N'),
(732, 15, 'San Mateo Atenco', '2014-07-07', NULL, NULL, NULL, 'N'),
(733, 15, 'San Simón de Guerrero', '2014-07-07', NULL, NULL, NULL, 'N'),
(734, 15, 'Santo Tomás', '2014-07-07', NULL, NULL, NULL, 'N'),
(735, 15, 'Soyaniquilpan de Juárez', '2014-07-07', NULL, NULL, NULL, 'N'),
(736, 15, 'Sultepec', '2014-07-07', NULL, NULL, NULL, 'N'),
(737, 15, 'Tecámac', '2014-07-07', NULL, NULL, NULL, 'N'),
(738, 15, 'Tejupilco', '2014-07-07', NULL, NULL, NULL, 'N'),
(739, 15, 'Temamatla', '2014-07-07', NULL, NULL, NULL, 'N'),
(740, 15, 'Temascalapa', '2014-07-07', NULL, NULL, NULL, 'N'),
(741, 15, 'Temascalcingo', '2014-07-07', NULL, NULL, NULL, 'N'),
(742, 15, 'Temascaltepec', '2014-07-07', NULL, NULL, NULL, 'N'),
(743, 15, 'Temoaya', '2014-07-07', NULL, NULL, NULL, 'N'),
(744, 15, 'Tenancingo', '2014-07-07', NULL, NULL, NULL, 'N'),
(745, 15, 'Tenango del Aire', '2014-07-07', NULL, NULL, NULL, 'N'),
(746, 15, 'Tenango del Valle', '2014-07-07', NULL, NULL, NULL, 'N'),
(747, 15, 'Teoloyucán', '2014-07-07', NULL, NULL, NULL, 'N'),
(748, 15, 'Teotihuacán', '2014-07-07', NULL, NULL, NULL, 'N'),
(749, 15, 'Tepetlaoxtoc', '2014-07-07', NULL, NULL, NULL, 'N'),
(750, 15, 'Tepetlixpa', '2014-07-07', NULL, NULL, NULL, 'N'),
(751, 15, 'Tepotzotlán', '2014-07-07', NULL, NULL, NULL, 'N'),
(752, 15, 'Tequixquiac', '2014-07-07', NULL, NULL, NULL, 'N'),
(753, 15, 'Texcaltitlán', '2014-07-07', NULL, NULL, NULL, 'N'),
(754, 15, 'Texcalyacac', '2014-07-07', NULL, NULL, NULL, 'N'),
(755, 15, 'Texcoco', '2014-07-07', NULL, NULL, NULL, 'N'),
(756, 15, 'Tezoyuca', '2014-07-07', NULL, NULL, NULL, 'N'),
(757, 15, 'Tianguistenco', '2014-07-07', NULL, NULL, NULL, 'N'),
(758, 15, 'Timilpan', '2014-07-07', NULL, NULL, NULL, 'N'),
(759, 15, 'Tlalmanalco', '2014-07-07', NULL, NULL, NULL, 'N'),
(760, 15, 'Tlalnepantla de Baz', '2014-07-07', NULL, NULL, NULL, 'N'),
(761, 15, 'Tlatlaya', '2014-07-07', NULL, NULL, NULL, 'N'),
(762, 15, 'Toluca', '2014-07-07', NULL, NULL, NULL, 'N'),
(763, 15, 'Tonatico', '2014-07-07', NULL, NULL, NULL, 'N'),
(764, 15, 'Tultepec', '2014-07-07', NULL, NULL, NULL, 'N'),
(765, 15, 'Tultitlán', '2014-07-07', NULL, NULL, NULL, 'N'),
(766, 15, 'Valle de Bravo', '2014-07-07', NULL, NULL, NULL, 'N'),
(767, 15, 'Villa de Allende', '2014-07-07', NULL, NULL, NULL, 'N'),
(768, 15, 'Villa del Carbón', '2014-07-07', NULL, NULL, NULL, 'N'),
(769, 15, 'Villa Guerrero', '2014-07-07', NULL, NULL, NULL, 'N'),
(770, 15, 'Villa Victoria', '2014-07-07', NULL, NULL, NULL, 'N'),
(771, 15, 'Xonacatlán', '2014-07-07', NULL, NULL, NULL, 'N'),
(772, 15, 'Zacazonapan', '2014-07-07', NULL, NULL, NULL, 'N'),
(773, 15, 'Zacualpan', '2014-07-07', NULL, NULL, NULL, 'N'),
(774, 15, 'Zinacantepec', '2014-07-07', NULL, NULL, NULL, 'N'),
(775, 15, 'Zumpahuacán', '2014-07-07', NULL, NULL, NULL, 'N'),
(776, 15, 'Zumpango', '2014-07-07', NULL, NULL, NULL, 'N'),
(777, 15, 'Cuautitlán Izcalli', '2014-07-07', NULL, NULL, NULL, 'N'),
(778, 15, 'Valle de Chalco Solidaridad', '2014-07-07', NULL, NULL, NULL, 'N'),
(779, 15, 'Luvianos', '2014-07-07', NULL, NULL, NULL, 'N'),
(780, 15, 'San José del Rincón', '2014-07-07', NULL, NULL, NULL, 'N'),
(781, 15, 'Tonanitla', '2014-07-07', NULL, NULL, NULL, 'N'),
(782, 16, 'Acuitzio', '2014-07-07', NULL, NULL, NULL, 'N'),
(783, 16, 'Aguililla', '2014-07-07', NULL, NULL, NULL, 'N'),
(784, 16, 'Álvaro Obregón', '2014-07-07', NULL, NULL, NULL, 'N'),
(785, 16, 'Angamacutiro', '2014-07-07', NULL, NULL, NULL, 'N'),
(786, 16, 'Angangueo', '2014-07-07', NULL, NULL, NULL, 'N'),
(787, 16, 'Apatzingán', '2014-07-07', NULL, NULL, NULL, 'N'),
(788, 16, 'Aporo', '2014-07-07', NULL, NULL, NULL, 'N'),
(789, 16, 'Aquila', '2014-07-07', NULL, NULL, NULL, 'N'),
(790, 16, 'Ario', '2014-07-07', NULL, NULL, NULL, 'N'),
(791, 16, 'Arteaga', '2014-07-07', NULL, NULL, NULL, 'N'),
(792, 16, 'Briseñas', '2014-07-07', NULL, NULL, NULL, 'N'),
(793, 16, 'Buenavista', '2014-07-07', NULL, NULL, NULL, 'N'),
(794, 16, 'Carácuaro', '2014-07-07', NULL, NULL, NULL, 'N'),
(795, 16, 'Coahuayana', '2014-07-07', NULL, NULL, NULL, 'N'),
(796, 16, 'Coalcomán de Vázquez Pallares', '2014-07-07', NULL, NULL, NULL, 'N'),
(797, 16, 'Coeneo', '2014-07-07', NULL, NULL, NULL, 'N'),
(798, 16, 'Contepec', '2014-07-07', NULL, NULL, NULL, 'N'),
(799, 16, 'Copándaro', '2014-07-07', NULL, NULL, NULL, 'N'),
(800, 16, 'Cotija', '2014-07-07', NULL, NULL, NULL, 'N'),
(801, 16, 'Cuitzeo', '2014-07-07', NULL, NULL, NULL, 'N'),
(802, 16, 'Charapan', '2014-07-07', NULL, NULL, NULL, 'N'),
(803, 16, 'Charo', '2014-07-07', NULL, NULL, NULL, 'N'),
(804, 16, 'Chavinda', '2014-07-07', NULL, NULL, NULL, 'N'),
(805, 16, 'Cherán', '2014-07-07', NULL, NULL, NULL, 'N'),
(806, 16, 'Chilchota', '2014-07-07', NULL, NULL, NULL, 'N'),
(807, 16, 'Chinicuila', '2014-07-07', NULL, NULL, NULL, 'N'),
(808, 16, 'Chucándiro', '2014-07-07', NULL, NULL, NULL, 'N');
INSERT INTO `detmunicipios` (`id_detmunicipio`, `id_catestado`, `dsc_nombre`, `fec_alta`, `fec_modif`, `fec_baja`, `dsc_baja`, `sta_baja`) VALUES
(809, 16, 'Churintzio', '2014-07-07', NULL, NULL, NULL, 'N'),
(810, 16, 'Churumuco', '2014-07-07', NULL, NULL, NULL, 'N'),
(811, 16, 'Ecuandureo', '2014-07-07', NULL, NULL, NULL, 'N'),
(812, 16, 'Epitacio Huerta', '2014-07-07', NULL, NULL, NULL, 'N'),
(813, 16, 'Erongarícuaro', '2014-07-07', NULL, NULL, NULL, 'N'),
(814, 16, 'Gabriel Zamora', '2014-07-07', NULL, NULL, NULL, 'N'),
(815, 16, 'Hidalgo', '2014-07-07', NULL, NULL, NULL, 'N'),
(816, 16, 'La Huacana', '2014-07-07', NULL, NULL, NULL, 'N'),
(817, 16, 'Huandacareo', '2014-07-07', NULL, NULL, NULL, 'N'),
(818, 16, 'Huaniqueo', '2014-07-07', NULL, NULL, NULL, 'N'),
(819, 16, 'Huetamo', '2014-07-07', NULL, NULL, NULL, 'N'),
(820, 16, 'Huiramba', '2014-07-07', NULL, NULL, NULL, 'N'),
(821, 16, 'Indaparapeo', '2014-07-07', NULL, NULL, NULL, 'N'),
(822, 16, 'Irimbo', '2014-07-07', NULL, NULL, NULL, 'N'),
(823, 16, 'Ixtlán', '2014-07-07', NULL, NULL, NULL, 'N'),
(824, 16, 'Jacona', '2014-07-07', NULL, NULL, NULL, 'N'),
(825, 16, 'Jiménez', '2014-07-07', NULL, NULL, NULL, 'N'),
(826, 16, 'Jiquilpan', '2014-07-07', NULL, NULL, NULL, 'N'),
(827, 16, 'Juárez', '2014-07-07', NULL, NULL, NULL, 'N'),
(828, 16, 'Jungapeo', '2014-07-07', NULL, NULL, NULL, 'N'),
(829, 16, 'Lagunillas', '2014-07-07', NULL, NULL, NULL, 'N'),
(830, 16, 'Madero', '2014-07-07', NULL, NULL, NULL, 'N'),
(831, 16, 'Maravatío', '2014-07-07', NULL, NULL, NULL, 'N'),
(832, 16, 'Marcos Castellanos', '2014-07-07', NULL, NULL, NULL, 'N'),
(833, 16, 'Lázaro Cárdenas', '2014-07-07', NULL, NULL, NULL, 'N'),
(834, 16, 'Morelia', '2014-07-07', NULL, NULL, NULL, 'N'),
(835, 16, 'Morelos', '2014-07-07', NULL, NULL, NULL, 'N'),
(836, 16, 'Múgica', '2014-07-07', NULL, NULL, NULL, 'N'),
(837, 16, 'Nahuatzen', '2014-07-07', NULL, NULL, NULL, 'N'),
(838, 16, 'Nocupétaro', '2014-07-07', NULL, NULL, NULL, 'N'),
(839, 16, 'Nuevo Parangaricutiro', '2014-07-07', NULL, NULL, NULL, 'N'),
(840, 16, 'Nuevo Urecho', '2014-07-07', NULL, NULL, NULL, 'N'),
(841, 16, 'Numarán', '2014-07-07', NULL, NULL, NULL, 'N'),
(842, 16, 'Ocampo', '2014-07-07', NULL, NULL, NULL, 'N'),
(843, 16, 'Pajacuarán', '2014-07-07', NULL, NULL, NULL, 'N'),
(844, 16, 'Panindícuaro', '2014-07-07', NULL, NULL, NULL, 'N'),
(845, 16, 'Parácuaro', '2014-07-07', NULL, NULL, NULL, 'N'),
(846, 16, 'Paracho', '2014-07-07', NULL, NULL, NULL, 'N'),
(847, 16, 'Pátzcuaro', '2014-07-07', NULL, NULL, NULL, 'N'),
(848, 16, 'Penjamillo', '2014-07-07', NULL, NULL, NULL, 'N'),
(849, 16, 'Peribán', '2014-07-07', NULL, NULL, NULL, 'N'),
(850, 16, 'La Piedad', '2014-07-07', NULL, NULL, NULL, 'N'),
(851, 16, 'Purépero', '2014-07-07', NULL, NULL, NULL, 'N'),
(852, 16, 'Puruándiro', '2014-07-07', NULL, NULL, NULL, 'N'),
(853, 16, 'Queréndaro', '2014-07-07', NULL, NULL, NULL, 'N'),
(854, 16, 'Quiroga', '2014-07-07', NULL, NULL, NULL, 'N'),
(855, 16, 'Cojumatlán de Régules', '2014-07-07', NULL, NULL, NULL, 'N'),
(856, 16, 'Los Reyes', '2014-07-07', NULL, NULL, NULL, 'N'),
(857, 16, 'Sahuayo', '2014-07-07', NULL, NULL, NULL, 'N'),
(858, 16, 'San Lucas', '2014-07-07', NULL, NULL, NULL, 'N'),
(859, 16, 'Santa Ana Maya', '2014-07-07', NULL, NULL, NULL, 'N'),
(860, 16, 'Salvador Escalante', '2014-07-07', NULL, NULL, NULL, 'N'),
(861, 16, 'Senguio', '2014-07-07', NULL, NULL, NULL, 'N'),
(862, 16, 'Susupuato', '2014-07-07', NULL, NULL, NULL, 'N'),
(863, 16, 'Tacámbaro', '2014-07-07', NULL, NULL, NULL, 'N'),
(864, 16, 'Tancítaro', '2014-07-07', NULL, NULL, NULL, 'N'),
(865, 16, 'Tangamandapio', '2014-07-07', NULL, NULL, NULL, 'N'),
(866, 16, 'Tangancícuaro', '2014-07-07', NULL, NULL, NULL, 'N'),
(867, 16, 'Tanhuato', '2014-07-07', NULL, NULL, NULL, 'N'),
(868, 16, 'Taretan', '2014-07-07', NULL, NULL, NULL, 'N'),
(869, 16, 'Tarímbaro', '2014-07-07', NULL, NULL, NULL, 'N'),
(870, 16, 'Tepalcatepec', '2014-07-07', NULL, NULL, NULL, 'N'),
(871, 16, 'Tingambato', '2014-07-07', NULL, NULL, NULL, 'N'),
(872, 16, 'Tingüindín', '2014-07-07', NULL, NULL, NULL, 'N'),
(873, 16, 'Tiquicheo de Nicolás Romero', '2014-07-07', NULL, NULL, NULL, 'N'),
(874, 16, 'Tlalpujahua', '2014-07-07', NULL, NULL, NULL, 'N'),
(875, 16, 'Tlazazalca', '2014-07-07', NULL, NULL, NULL, 'N'),
(876, 16, 'Tocumbo', '2014-07-07', NULL, NULL, NULL, 'N'),
(877, 16, 'Tumbiscatío', '2014-07-07', NULL, NULL, NULL, 'N'),
(878, 16, 'Turicato', '2014-07-07', NULL, NULL, NULL, 'N'),
(879, 16, 'Tuxpan', '2014-07-07', NULL, NULL, NULL, 'N'),
(880, 16, 'Tuzantla', '2014-07-07', NULL, NULL, NULL, 'N'),
(881, 16, 'Tzintzuntzan', '2014-07-07', NULL, NULL, NULL, 'N'),
(882, 16, 'Tzitzio', '2014-07-07', NULL, NULL, NULL, 'N'),
(883, 16, 'Uruapan', '2014-07-07', NULL, NULL, NULL, 'N'),
(884, 16, 'Venustiano Carranza', '2014-07-07', NULL, NULL, NULL, 'N'),
(885, 16, 'Villamar', '2014-07-07', NULL, NULL, NULL, 'N'),
(886, 16, 'Vista Hermosa', '2014-07-07', NULL, NULL, NULL, 'N'),
(887, 16, 'Yurécuaro', '2014-07-07', NULL, NULL, NULL, 'N'),
(888, 16, 'Zacapu', '2014-07-07', NULL, NULL, NULL, 'N'),
(889, 16, 'Zamora', '2014-07-07', NULL, NULL, NULL, 'N'),
(890, 16, 'Zináparo', '2014-07-07', NULL, NULL, NULL, 'N'),
(891, 16, 'Zinapécuaro', '2014-07-07', NULL, NULL, NULL, 'N'),
(892, 16, 'Ziracuaretiro', '2014-07-07', NULL, NULL, NULL, 'N'),
(893, 16, 'Zitácuaro', '2014-07-07', NULL, NULL, NULL, 'N'),
(894, 16, 'José Sixto Verduzco', '2014-07-07', NULL, NULL, NULL, 'N'),
(895, 17, 'Amacuzac', '2014-07-07', NULL, NULL, NULL, 'N'),
(896, 17, 'Atlatlahucan', '2014-07-07', NULL, NULL, NULL, 'N'),
(897, 17, 'Axochiapan', '2014-07-07', NULL, NULL, NULL, 'N'),
(898, 17, 'Ayala', '2014-07-07', NULL, NULL, NULL, 'N'),
(899, 17, 'Coatlán del Río', '2014-07-07', NULL, NULL, NULL, 'N'),
(900, 17, 'Cuautla', '2014-07-07', NULL, NULL, NULL, 'N'),
(901, 17, 'Cuernavaca', '2014-07-07', NULL, NULL, NULL, 'N'),
(902, 17, 'Emiliano Zapata', '2014-07-07', NULL, NULL, NULL, 'N'),
(903, 17, 'Huitzilac', '2014-07-07', NULL, NULL, NULL, 'N'),
(904, 17, 'Jantetelco', '2014-07-07', NULL, NULL, NULL, 'N'),
(905, 17, 'Jiutepec', '2014-07-07', NULL, NULL, NULL, 'N'),
(906, 17, 'Jojutla', '2014-07-07', NULL, NULL, NULL, 'N'),
(907, 17, 'Jonacatepec', '2014-07-07', NULL, NULL, NULL, 'N'),
(908, 17, 'Mazatepec', '2014-07-07', NULL, NULL, NULL, 'N'),
(909, 17, 'Miacatlán', '2014-07-07', NULL, NULL, NULL, 'N'),
(910, 17, 'Ocuituco', '2014-07-07', NULL, NULL, NULL, 'N'),
(911, 17, 'Puente de Ixtla', '2014-07-07', NULL, NULL, NULL, 'N'),
(912, 17, 'Temixco', '2014-07-07', NULL, NULL, NULL, 'N'),
(913, 17, 'Tepalcingo', '2014-07-07', NULL, NULL, NULL, 'N'),
(914, 17, 'Tepoztlán', '2014-07-07', NULL, NULL, NULL, 'N'),
(915, 17, 'Tetecala', '2014-07-07', NULL, NULL, NULL, 'N'),
(916, 17, 'Tetela del Volcán', '2014-07-07', NULL, NULL, NULL, 'N'),
(917, 17, 'Tlalnepantla', '2014-07-07', NULL, NULL, NULL, 'N'),
(918, 17, 'Tlaltizapán', '2014-07-07', NULL, NULL, NULL, 'N'),
(919, 17, 'Tlaquiltenango', '2014-07-07', NULL, NULL, NULL, 'N'),
(920, 17, 'Tlayacapan', '2014-07-07', NULL, NULL, NULL, 'N'),
(921, 17, 'Totolapan', '2014-07-07', NULL, NULL, NULL, 'N'),
(922, 17, 'Xochitepec', '2014-07-07', NULL, NULL, NULL, 'N'),
(923, 17, 'Yautepec', '2014-07-07', NULL, NULL, NULL, 'N'),
(924, 17, 'Yecapixtla', '2014-07-07', NULL, NULL, NULL, 'N'),
(925, 17, 'Zacatepec', '2014-07-07', NULL, NULL, NULL, 'N'),
(926, 17, 'Zacualpan', '2014-07-07', NULL, NULL, NULL, 'N'),
(927, 17, 'Temoac', '2014-07-07', NULL, NULL, NULL, 'N'),
(928, 18, 'Acaponeta', '2014-07-07', NULL, NULL, NULL, 'N'),
(929, 18, 'Ahuacatlán', '2014-07-07', NULL, NULL, NULL, 'N'),
(930, 18, 'Amatlán de Cañas', '2014-07-07', NULL, NULL, NULL, 'N'),
(931, 18, 'Compostela', '2014-07-07', NULL, NULL, NULL, 'N'),
(932, 18, 'Huajicori', '2014-07-07', NULL, NULL, NULL, 'N'),
(933, 18, 'Ixtlán del Río', '2014-07-07', NULL, NULL, NULL, 'N'),
(934, 18, 'Jala', '2014-07-07', NULL, NULL, NULL, 'N'),
(935, 18, 'Xalisco', '2014-07-07', NULL, NULL, NULL, 'N'),
(936, 18, 'Del Nayar', '2014-07-07', NULL, NULL, NULL, 'N'),
(937, 18, 'Rosamorada', '2014-07-07', NULL, NULL, NULL, 'N'),
(938, 18, 'Ruíz', '2014-07-07', NULL, NULL, NULL, 'N'),
(939, 18, 'San Blas', '2014-07-07', NULL, NULL, NULL, 'N'),
(940, 18, 'San Pedro Lagunillas', '2014-07-07', NULL, NULL, NULL, 'N'),
(941, 18, 'Santa María del Oro', '2014-07-07', NULL, NULL, NULL, 'N'),
(942, 18, 'Santiago Ixcuintla', '2014-07-07', NULL, NULL, NULL, 'N'),
(943, 18, 'Tecuala', '2014-07-07', NULL, NULL, NULL, 'N'),
(944, 18, 'Tepic', '2014-07-07', NULL, NULL, NULL, 'N'),
(945, 18, 'Tuxpan', '2014-07-07', NULL, NULL, NULL, 'N'),
(946, 18, 'La Yesca', '2014-07-07', NULL, NULL, NULL, 'N'),
(947, 18, 'Bahía de Banderas', '2014-07-07', NULL, NULL, NULL, 'N'),
(948, 19, 'Abasolo', '2014-07-07', NULL, NULL, NULL, 'N'),
(949, 19, 'Agualeguas', '2014-07-07', NULL, NULL, NULL, 'N'),
(950, 19, 'Los Aldamas', '2014-07-07', NULL, NULL, NULL, 'N'),
(951, 19, 'Allende', '2014-07-07', NULL, NULL, NULL, 'N'),
(952, 19, 'Anáhuac', '2014-07-07', NULL, NULL, NULL, 'N'),
(953, 19, 'Apodaca', '2014-07-07', NULL, NULL, NULL, 'N'),
(954, 19, 'Aramberri', '2014-07-07', NULL, NULL, NULL, 'N'),
(955, 19, 'Bustamante', '2014-07-07', NULL, NULL, NULL, 'N'),
(956, 19, 'Cadereyta Jiménez', '2014-07-07', NULL, NULL, NULL, 'N'),
(957, 19, 'Carmen', '2014-07-07', NULL, NULL, NULL, 'N'),
(958, 19, 'Cerralvo', '2014-07-07', NULL, NULL, NULL, 'N'),
(959, 19, 'Ciénega de Flores', '2014-07-07', NULL, NULL, NULL, 'N'),
(960, 19, 'China', '2014-07-07', NULL, NULL, NULL, 'N'),
(961, 19, 'Dr. Arroyo', '2014-07-07', NULL, NULL, NULL, 'N'),
(962, 19, 'Dr. Coss', '2014-07-07', NULL, NULL, NULL, 'N'),
(963, 19, 'Dr. González', '2014-07-07', NULL, NULL, NULL, 'N'),
(964, 19, 'Galeana', '2014-07-07', NULL, NULL, NULL, 'N'),
(965, 19, 'García', '2014-07-07', NULL, NULL, NULL, 'N'),
(966, 19, 'San Pedro Garza García', '2014-07-07', NULL, NULL, NULL, 'N'),
(967, 19, 'Gral. Bravo', '2014-07-07', NULL, NULL, NULL, 'N'),
(968, 19, 'Gral. Escobedo', '2014-07-07', NULL, NULL, NULL, 'N'),
(969, 19, 'Gral. Terán', '2014-07-07', NULL, NULL, NULL, 'N'),
(970, 19, 'Gral. Treviño', '2014-07-07', NULL, NULL, NULL, 'N'),
(971, 19, 'Gral. Zaragoza', '2014-07-07', NULL, NULL, NULL, 'N'),
(972, 19, 'Gral. Zuazua', '2014-07-07', NULL, NULL, NULL, 'N'),
(973, 19, 'Guadalupe', '2014-07-07', NULL, NULL, NULL, 'N'),
(974, 19, 'Los Herreras', '2014-07-07', NULL, NULL, NULL, 'N'),
(975, 19, 'Higueras', '2014-07-07', NULL, NULL, NULL, 'N'),
(976, 19, 'Hualahuises', '2014-07-07', NULL, NULL, NULL, 'N'),
(977, 19, 'Iturbide', '2014-07-07', NULL, NULL, NULL, 'N'),
(978, 19, 'Juárez', '2014-07-07', NULL, NULL, NULL, 'N'),
(979, 19, 'Lampazos de Naranjo', '2014-07-07', NULL, NULL, NULL, 'N'),
(980, 19, 'Linares', '2014-07-07', NULL, NULL, NULL, 'N'),
(981, 19, 'Marín', '2014-07-07', NULL, NULL, NULL, 'N'),
(982, 19, 'Melchor Ocampo', '2014-07-07', NULL, NULL, NULL, 'N'),
(983, 19, 'Mier y Noriega', '2014-07-07', NULL, NULL, NULL, 'N'),
(984, 19, 'Mina', '2014-07-07', NULL, NULL, NULL, 'N'),
(985, 19, 'Montemorelos', '2014-07-07', NULL, NULL, NULL, 'N'),
(986, 19, 'Monterrey', '2014-07-07', NULL, NULL, NULL, 'N'),
(987, 19, 'Parás', '2014-07-07', NULL, NULL, NULL, 'N'),
(988, 19, 'Pesquería', '2014-07-07', NULL, NULL, NULL, 'N'),
(989, 19, 'Los Ramones', '2014-07-07', NULL, NULL, NULL, 'N'),
(990, 19, 'Rayones', '2014-07-07', NULL, NULL, NULL, 'N'),
(991, 19, 'Sabinas Hidalgo', '2014-07-07', NULL, NULL, NULL, 'N'),
(992, 19, 'Salinas Victoria', '2014-07-07', NULL, NULL, NULL, 'N'),
(993, 19, 'San Nicolás de los Garza', '2014-07-07', NULL, NULL, NULL, 'N'),
(994, 19, 'Hidalgo', '2014-07-07', NULL, NULL, NULL, 'N'),
(995, 19, 'Santa Catarina', '2014-07-07', NULL, NULL, NULL, 'N'),
(996, 19, 'Santiago', '2014-07-07', NULL, NULL, NULL, 'N'),
(997, 19, 'Vallecillo', '2014-07-07', NULL, NULL, NULL, 'N'),
(998, 19, 'Villaldama', '2014-07-07', NULL, NULL, NULL, 'N'),
(999, 20, 'Abejones', '2014-07-07', NULL, NULL, NULL, 'N'),
(1000, 20, 'Acatlán de Pérez Figueroa', '2014-07-07', NULL, NULL, NULL, 'N'),
(1001, 20, 'Asunción Cacalotepec', '2014-07-07', NULL, NULL, NULL, 'N'),
(1002, 20, 'Asunción Cuyotepeji', '2014-07-07', NULL, NULL, NULL, 'N'),
(1003, 20, 'Asunción Ixtaltepec', '2014-07-07', NULL, NULL, NULL, 'N'),
(1004, 20, 'Asunción Nochixtlán', '2014-07-07', NULL, NULL, NULL, 'N'),
(1005, 20, 'Asunción Ocotlán', '2014-07-07', NULL, NULL, NULL, 'N'),
(1006, 20, 'Asunción Tlacolulita', '2014-07-07', NULL, NULL, NULL, 'N'),
(1007, 20, 'Ayotzintepec', '2014-07-07', NULL, NULL, NULL, 'N'),
(1008, 20, 'El Barrio de la Soledad', '2014-07-07', NULL, NULL, NULL, 'N'),
(1009, 20, 'Calihualá', '2014-07-07', NULL, NULL, NULL, 'N'),
(1010, 20, 'Candelaria Loxicha', '2014-07-07', NULL, NULL, NULL, 'N'),
(1011, 20, 'Ciénega de Zimatlán', '2014-07-07', NULL, NULL, NULL, 'N'),
(1012, 20, 'Ciudad Ixtepec', '2014-07-07', NULL, NULL, NULL, 'N'),
(1013, 20, 'Coatecas Altas', '2014-07-07', NULL, NULL, NULL, 'N'),
(1014, 20, 'Coicoyán de las Flores', '2014-07-07', NULL, NULL, NULL, 'N'),
(1015, 20, 'La Compañía', '2014-07-07', NULL, NULL, NULL, 'N'),
(1016, 20, 'Concepción Buenavista', '2014-07-07', NULL, NULL, NULL, 'N'),
(1017, 20, 'Concepción Pápalo', '2014-07-07', NULL, NULL, NULL, 'N'),
(1018, 20, 'Constancia del Rosario', '2014-07-07', NULL, NULL, NULL, 'N'),
(1019, 20, 'Cosolapa', '2014-07-07', NULL, NULL, NULL, 'N'),
(1020, 20, 'Cosoltepec', '2014-07-07', NULL, NULL, NULL, 'N'),
(1021, 20, 'Cuilápam de Guerrero', '2014-07-07', NULL, NULL, NULL, 'N'),
(1022, 20, 'Cuyamecalco Villa de Zaragoza', '2014-07-07', NULL, NULL, NULL, 'N'),
(1023, 20, 'Chahuites', '2014-07-07', NULL, NULL, NULL, 'N'),
(1024, 20, 'Chalcatongo de Hidalgo', '2014-07-07', NULL, NULL, NULL, 'N'),
(1025, 20, 'Chiquihuitlán de Benito Juárez', '2014-07-07', NULL, NULL, NULL, 'N'),
(1026, 20, 'Heroica Ciudad de Ejutla de Crespo', '2014-07-07', NULL, NULL, NULL, 'N'),
(1027, 20, 'Eloxochitlán de Flores Magón', '2014-07-07', NULL, NULL, NULL, 'N'),
(1028, 20, 'El Espinal', '2014-07-07', NULL, NULL, NULL, 'N'),
(1029, 20, 'Tamazulápam del Espíritu Santo', '2014-07-07', NULL, NULL, NULL, 'N'),
(1030, 20, 'Fresnillo de Trujano', '2014-07-07', NULL, NULL, NULL, 'N'),
(1031, 20, 'Guadalupe Etla', '2014-07-07', NULL, NULL, NULL, 'N'),
(1032, 20, 'Guadalupe de Ramírez', '2014-07-07', NULL, NULL, NULL, 'N'),
(1033, 20, 'Guelatao de Juárez', '2014-07-07', NULL, NULL, NULL, 'N'),
(1034, 20, 'Guevea de Humboldt', '2014-07-07', NULL, NULL, NULL, 'N'),
(1035, 20, 'Mesones Hidalgo', '2014-07-07', NULL, NULL, NULL, 'N'),
(1036, 20, 'Villa Hidalgo', '2014-07-07', NULL, NULL, NULL, 'N'),
(1037, 20, 'Heroica Ciudad de Huajuapan de León', '2014-07-07', NULL, NULL, NULL, 'N'),
(1038, 20, 'Huautepec', '2014-07-07', NULL, NULL, NULL, 'N'),
(1039, 20, 'Huautla de Jiménez', '2014-07-07', NULL, NULL, NULL, 'N'),
(1040, 20, 'Ixtlán de Juárez', '2014-07-07', NULL, NULL, NULL, 'N'),
(1041, 20, 'Heroica Ciudad de Juchitán de Zaragoza', '2014-07-07', NULL, NULL, NULL, 'N'),
(1042, 20, 'Loma Bonita', '2014-07-07', NULL, NULL, NULL, 'N'),
(1043, 20, 'Magdalena Apasco', '2014-07-07', NULL, NULL, NULL, 'N'),
(1044, 20, 'Magdalena Jaltepec', '2014-07-07', NULL, NULL, NULL, 'N'),
(1045, 20, 'Santa Magdalena Jicotlán', '2014-07-07', NULL, NULL, NULL, 'N'),
(1046, 20, 'Magdalena Mixtepec', '2014-07-07', NULL, NULL, NULL, 'N'),
(1047, 20, 'Magdalena Ocotlán', '2014-07-07', NULL, NULL, NULL, 'N'),
(1048, 20, 'Magdalena Peñasco', '2014-07-07', NULL, NULL, NULL, 'N'),
(1049, 20, 'Magdalena Teitipac', '2014-07-07', NULL, NULL, NULL, 'N'),
(1050, 20, 'Magdalena Tequisistlán', '2014-07-07', NULL, NULL, NULL, 'N'),
(1051, 20, 'Magdalena Tlacotepec', '2014-07-07', NULL, NULL, NULL, 'N'),
(1052, 20, 'Magdalena Zahuatlán', '2014-07-07', NULL, NULL, NULL, 'N'),
(1053, 20, 'Mariscala de Juárez', '2014-07-07', NULL, NULL, NULL, 'N'),
(1054, 20, 'Mártires de Tacubaya', '2014-07-07', NULL, NULL, NULL, 'N'),
(1055, 20, 'Matías Romero Avendaño', '2014-07-07', NULL, NULL, NULL, 'N'),
(1056, 20, 'Mazatlán Villa de Flores', '2014-07-07', NULL, NULL, NULL, 'N'),
(1057, 20, 'Miahuatlán de Porfirio Díaz', '2014-07-07', NULL, NULL, NULL, 'N'),
(1058, 20, 'Mixistlán de la Reforma', '2014-07-07', NULL, NULL, NULL, 'N'),
(1059, 20, 'Monjas', '2014-07-07', NULL, NULL, NULL, 'N'),
(1060, 20, 'Natividad', '2014-07-07', NULL, NULL, NULL, 'N'),
(1061, 20, 'Nazareno Etla', '2014-07-07', NULL, NULL, NULL, 'N'),
(1062, 20, 'Nejapa de Madero', '2014-07-07', NULL, NULL, NULL, 'N'),
(1063, 20, 'Ixpantepec Nieves', '2014-07-07', NULL, NULL, NULL, 'N'),
(1064, 20, 'Santiago Niltepec', '2014-07-07', NULL, NULL, NULL, 'N'),
(1065, 20, 'Oaxaca de Juárez', '2014-07-07', NULL, NULL, NULL, 'N'),
(1066, 20, 'Ocotlán de Morelos', '2014-07-07', NULL, NULL, NULL, 'N'),
(1067, 20, 'La Pe', '2014-07-07', NULL, NULL, NULL, 'N'),
(1068, 20, 'Pinotepa de Don Luis', '2014-07-07', NULL, NULL, NULL, 'N'),
(1069, 20, 'Pluma Hidalgo', '2014-07-07', NULL, NULL, NULL, 'N'),
(1070, 20, 'San José del Progreso', '2014-07-07', NULL, NULL, NULL, 'N'),
(1071, 20, 'Putla Villa de Guerrero', '2014-07-07', NULL, NULL, NULL, 'N'),
(1072, 20, 'Santa Catarina Quioquitani', '2014-07-07', NULL, NULL, NULL, 'N'),
(1073, 20, 'Reforma de Pineda', '2014-07-07', NULL, NULL, NULL, 'N'),
(1074, 20, 'La Reforma', '2014-07-07', NULL, NULL, NULL, 'N'),
(1075, 20, 'Reyes Etla', '2014-07-07', NULL, NULL, NULL, 'N'),
(1076, 20, 'Rojas de Cuauhtémoc', '2014-07-07', NULL, NULL, NULL, 'N'),
(1077, 20, 'Salina Cruz', '2014-07-07', NULL, NULL, NULL, 'N'),
(1078, 20, 'San Agustín Amatengo', '2014-07-07', NULL, NULL, NULL, 'N'),
(1079, 20, 'San Agustín Atenango', '2014-07-07', NULL, NULL, NULL, 'N'),
(1080, 20, 'San Agustín Chayuco', '2014-07-07', NULL, NULL, NULL, 'N'),
(1081, 20, 'San Agustín de las Juntas', '2014-07-07', NULL, NULL, NULL, 'N'),
(1082, 20, 'San Agustín Etla', '2014-07-07', NULL, NULL, NULL, 'N'),
(1083, 20, 'San Agustín Loxicha', '2014-07-07', NULL, NULL, NULL, 'N'),
(1084, 20, 'San Agustín Tlacotepec', '2014-07-07', NULL, NULL, NULL, 'N'),
(1085, 20, 'San Agustín Yatareni', '2014-07-07', NULL, NULL, NULL, 'N'),
(1086, 20, 'San Andrés Cabecera Nueva', '2014-07-07', NULL, NULL, NULL, 'N'),
(1087, 20, 'San Andrés Dinicuiti', '2014-07-07', NULL, NULL, NULL, 'N'),
(1088, 20, 'San Andrés Huaxpaltepec', '2014-07-07', NULL, NULL, NULL, 'N'),
(1089, 20, 'San Andrés Huayápam', '2014-07-07', NULL, NULL, NULL, 'N'),
(1090, 20, 'San Andrés Ixtlahuaca', '2014-07-07', NULL, NULL, NULL, 'N'),
(1091, 20, 'San Andrés Lagunas', '2014-07-07', NULL, NULL, NULL, 'N'),
(1092, 20, 'San Andrés Nuxiño', '2014-07-07', NULL, NULL, NULL, 'N'),
(1093, 20, 'San Andrés Paxtlán', '2014-07-07', NULL, NULL, NULL, 'N'),
(1094, 20, 'San Andrés Sinaxtla', '2014-07-07', NULL, NULL, NULL, 'N'),
(1095, 20, 'San Andrés Solaga', '2014-07-07', NULL, NULL, NULL, 'N'),
(1096, 20, 'San Andrés Teotilálpam', '2014-07-07', NULL, NULL, NULL, 'N'),
(1097, 20, 'San Andrés Tepetlapa', '2014-07-07', NULL, NULL, NULL, 'N'),
(1098, 20, 'San Andrés Yaá', '2014-07-07', NULL, NULL, NULL, 'N'),
(1099, 20, 'San Andrés Zabache', '2014-07-07', NULL, NULL, NULL, 'N'),
(1100, 20, 'San Andrés Zautla', '2014-07-07', NULL, NULL, NULL, 'N'),
(1101, 20, 'San Antonino Castillo Velasco', '2014-07-07', NULL, NULL, NULL, 'N'),
(1102, 20, 'San Antonino el Alto', '2014-07-07', NULL, NULL, NULL, 'N'),
(1103, 20, 'San Antonino Monte Verde', '2014-07-07', NULL, NULL, NULL, 'N'),
(1104, 20, 'San Antonio Acutla', '2014-07-07', NULL, NULL, NULL, 'N'),
(1105, 20, 'San Antonio de la Cal', '2014-07-07', NULL, NULL, NULL, 'N'),
(1106, 20, 'San Antonio Huitepec', '2014-07-07', NULL, NULL, NULL, 'N'),
(1107, 20, 'San Antonio Nanahuatípam', '2014-07-07', NULL, NULL, NULL, 'N'),
(1108, 20, 'San Antonio Sinicahua', '2014-07-07', NULL, NULL, NULL, 'N'),
(1109, 20, 'San Antonio Tepetlapa', '2014-07-07', NULL, NULL, NULL, 'N'),
(1110, 20, 'San Baltazar Chichicápam', '2014-07-07', NULL, NULL, NULL, 'N'),
(1111, 20, 'San Baltazar Loxicha', '2014-07-07', NULL, NULL, NULL, 'N'),
(1112, 20, 'San Baltazar Yatzachi el Bajo', '2014-07-07', NULL, NULL, NULL, 'N'),
(1113, 20, 'San Bartolo Coyotepec', '2014-07-07', NULL, NULL, NULL, 'N'),
(1114, 20, 'San Bartolomé Ayautla', '2014-07-07', NULL, NULL, NULL, 'N'),
(1115, 20, 'San Bartolomé Loxicha', '2014-07-07', NULL, NULL, NULL, 'N'),
(1116, 20, 'San Bartolomé Quialana', '2014-07-07', NULL, NULL, NULL, 'N'),
(1117, 20, 'San Bartolomé Yucuañe', '2014-07-07', NULL, NULL, NULL, 'N'),
(1118, 20, 'San Bartolomé Zoogocho', '2014-07-07', NULL, NULL, NULL, 'N'),
(1119, 20, 'San Bartolo Soyaltepec', '2014-07-07', NULL, NULL, NULL, 'N'),
(1120, 20, 'San Bartolo Yautepec', '2014-07-07', NULL, NULL, NULL, 'N'),
(1121, 20, 'San Bernardo Mixtepec', '2014-07-07', NULL, NULL, NULL, 'N'),
(1122, 20, 'San Blas Atempa', '2014-07-07', NULL, NULL, NULL, 'N'),
(1123, 20, 'San Carlos Yautepec', '2014-07-07', NULL, NULL, NULL, 'N'),
(1124, 20, 'San Cristóbal Amatlán', '2014-07-07', NULL, NULL, NULL, 'N'),
(1125, 20, 'San Cristóbal Amoltepec', '2014-07-07', NULL, NULL, NULL, 'N'),
(1126, 20, 'San Cristóbal Lachirioag', '2014-07-07', NULL, NULL, NULL, 'N'),
(1127, 20, 'San Cristóbal Suchixtlahuaca', '2014-07-07', NULL, NULL, NULL, 'N'),
(1128, 20, 'San Dionisio del Mar', '2014-07-07', NULL, NULL, NULL, 'N'),
(1129, 20, 'San Dionisio Ocotepec', '2014-07-07', NULL, NULL, NULL, 'N'),
(1130, 20, 'San Dionisio Ocotlán', '2014-07-07', NULL, NULL, NULL, 'N'),
(1131, 20, 'San Esteban Atatlahuca', '2014-07-07', NULL, NULL, NULL, 'N'),
(1132, 20, 'San Felipe Jalapa de Díaz', '2014-07-07', NULL, NULL, NULL, 'N'),
(1133, 20, 'San Felipe Tejalápam', '2014-07-07', NULL, NULL, NULL, 'N'),
(1134, 20, 'San Felipe Usila', '2014-07-07', NULL, NULL, NULL, 'N'),
(1135, 20, 'San Francisco Cahuacuá', '2014-07-07', NULL, NULL, NULL, 'N'),
(1136, 20, 'San Francisco Cajonos', '2014-07-07', NULL, NULL, NULL, 'N'),
(1137, 20, 'San Francisco Chapulapa', '2014-07-07', NULL, NULL, NULL, 'N'),
(1138, 20, 'San Francisco Chindúa', '2014-07-07', NULL, NULL, NULL, 'N'),
(1139, 20, 'San Francisco del Mar', '2014-07-07', NULL, NULL, NULL, 'N'),
(1140, 20, 'San Francisco Huehuetlán', '2014-07-07', NULL, NULL, NULL, 'N'),
(1141, 20, 'San Francisco Ixhuatán', '2014-07-07', NULL, NULL, NULL, 'N'),
(1142, 20, 'San Francisco Jaltepetongo', '2014-07-07', NULL, NULL, NULL, 'N'),
(1143, 20, 'San Francisco Lachigoló', '2014-07-07', NULL, NULL, NULL, 'N'),
(1144, 20, 'San Francisco Logueche', '2014-07-07', NULL, NULL, NULL, 'N'),
(1145, 20, 'San Francisco Nuxaño', '2014-07-07', NULL, NULL, NULL, 'N'),
(1146, 20, 'San Francisco Ozolotepec', '2014-07-07', NULL, NULL, NULL, 'N'),
(1147, 20, 'San Francisco Sola', '2014-07-07', NULL, NULL, NULL, 'N'),
(1148, 20, 'San Francisco Telixtlahuaca', '2014-07-07', NULL, NULL, NULL, 'N'),
(1149, 20, 'San Francisco Teopan', '2014-07-07', NULL, NULL, NULL, 'N'),
(1150, 20, 'San Francisco Tlapancingo', '2014-07-07', NULL, NULL, NULL, 'N'),
(1151, 20, 'San Gabriel Mixtepec', '2014-07-07', NULL, NULL, NULL, 'N'),
(1152, 20, 'San Ildefonso Amatlán', '2014-07-07', NULL, NULL, NULL, 'N'),
(1153, 20, 'San Ildefonso Sola', '2014-07-07', NULL, NULL, NULL, 'N'),
(1154, 20, 'San Ildefonso Villa Alta', '2014-07-07', NULL, NULL, NULL, 'N'),
(1155, 20, 'San Jacinto Amilpas', '2014-07-07', NULL, NULL, NULL, 'N'),
(1156, 20, 'San Jacinto Tlacotepec', '2014-07-07', NULL, NULL, NULL, 'N'),
(1157, 20, 'San Jerónimo Coatlán', '2014-07-07', NULL, NULL, NULL, 'N'),
(1158, 20, 'San Jerónimo Silacayoapilla', '2014-07-07', NULL, NULL, NULL, 'N'),
(1159, 20, 'San Jerónimo Sosola', '2014-07-07', NULL, NULL, NULL, 'N'),
(1160, 20, 'San Jerónimo Taviche', '2014-07-07', NULL, NULL, NULL, 'N'),
(1161, 20, 'San Jerónimo Tecóatl', '2014-07-07', NULL, NULL, NULL, 'N'),
(1162, 20, 'San Jorge Nuchita', '2014-07-07', NULL, NULL, NULL, 'N'),
(1163, 20, 'San José Ayuquila', '2014-07-07', NULL, NULL, NULL, 'N'),
(1164, 20, 'San José Chiltepec', '2014-07-07', NULL, NULL, NULL, 'N'),
(1165, 20, 'San José del Peñasco', '2014-07-07', NULL, NULL, NULL, 'N'),
(1166, 20, 'San José Estancia Grande', '2014-07-07', NULL, NULL, NULL, 'N'),
(1167, 20, 'San José Independencia', '2014-07-07', NULL, NULL, NULL, 'N'),
(1168, 20, 'San José Lachiguiri', '2014-07-07', NULL, NULL, NULL, 'N'),
(1169, 20, 'San José Tenango', '2014-07-07', NULL, NULL, NULL, 'N'),
(1170, 20, 'San Juan Achiutla', '2014-07-07', NULL, NULL, NULL, 'N'),
(1171, 20, 'San Juan Atepec', '2014-07-07', NULL, NULL, NULL, 'N'),
(1172, 20, 'Ánimas Trujano', '2014-07-07', NULL, NULL, NULL, 'N'),
(1173, 20, 'San Juan Bautista Atatlahuca', '2014-07-07', NULL, NULL, NULL, 'N'),
(1174, 20, 'San Juan Bautista Coixtlahuaca', '2014-07-07', NULL, NULL, NULL, 'N'),
(1175, 20, 'San Juan Bautista Cuicatlán', '2014-07-07', NULL, NULL, NULL, 'N'),
(1176, 20, 'San Juan Bautista Guelache', '2014-07-07', NULL, NULL, NULL, 'N'),
(1177, 20, 'San Juan Bautista Jayacatlán', '2014-07-07', NULL, NULL, NULL, 'N'),
(1178, 20, 'San Juan Bautista Lo de Soto', '2014-07-07', NULL, NULL, NULL, 'N'),
(1179, 20, 'San Juan Bautista Suchitepec', '2014-07-07', NULL, NULL, NULL, 'N'),
(1180, 20, 'San Juan Bautista Tlacoatzintepec', '2014-07-07', NULL, NULL, NULL, 'N'),
(1181, 20, 'San Juan Bautista Tlachichilco', '2014-07-07', NULL, NULL, NULL, 'N'),
(1182, 20, 'San Juan Bautista Tuxtepec', '2014-07-07', NULL, NULL, NULL, 'N'),
(1183, 20, 'San Juan Cacahuatepec', '2014-07-07', NULL, NULL, NULL, 'N'),
(1184, 20, 'San Juan Cieneguilla', '2014-07-07', NULL, NULL, NULL, 'N'),
(1185, 20, 'San Juan Coatzóspam', '2014-07-07', NULL, NULL, NULL, 'N'),
(1186, 20, 'San Juan Colorado', '2014-07-07', NULL, NULL, NULL, 'N'),
(1187, 20, 'San Juan Comaltepec', '2014-07-07', NULL, NULL, NULL, 'N'),
(1188, 20, 'San Juan Cotzocón', '2014-07-07', NULL, NULL, NULL, 'N'),
(1189, 20, 'San Juan Chicomezúchil', '2014-07-07', NULL, NULL, NULL, 'N'),
(1190, 20, 'San Juan Chilateca', '2014-07-07', NULL, NULL, NULL, 'N'),
(1191, 20, 'San Juan del Estado', '2014-07-07', NULL, NULL, NULL, 'N'),
(1192, 20, 'San Juan del Río', '2014-07-07', NULL, NULL, NULL, 'N'),
(1193, 20, 'San Juan Diuxi', '2014-07-07', NULL, NULL, NULL, 'N'),
(1194, 20, 'San Juan Evangelista Analco', '2014-07-07', NULL, NULL, NULL, 'N'),
(1195, 20, 'San Juan Guelavía', '2014-07-07', NULL, NULL, NULL, 'N'),
(1196, 20, 'San Juan Guichicovi', '2014-07-07', NULL, NULL, NULL, 'N'),
(1197, 20, 'San Juan Ihualtepec', '2014-07-07', NULL, NULL, NULL, 'N'),
(1198, 20, 'San Juan Juquila Mixes', '2014-07-07', NULL, NULL, NULL, 'N'),
(1199, 20, 'San Juan Juquila Vijanos', '2014-07-07', NULL, NULL, NULL, 'N'),
(1200, 20, 'San Juan Lachao', '2014-07-07', NULL, NULL, NULL, 'N'),
(1201, 20, 'San Juan Lachigalla', '2014-07-07', NULL, NULL, NULL, 'N'),
(1202, 20, 'San Juan Lajarcia', '2014-07-07', NULL, NULL, NULL, 'N'),
(1203, 20, 'San Juan Lalana', '2014-07-07', NULL, NULL, NULL, 'N'),
(1204, 20, 'San Juan de los Cués', '2014-07-07', NULL, NULL, NULL, 'N'),
(1205, 20, 'San Juan Mazatlán', '2014-07-07', NULL, NULL, NULL, 'N'),
(1206, 20, 'San Juan Mixtepec -Dto. 08 -', '2014-07-07', NULL, NULL, NULL, 'N'),
(1207, 20, 'San Juan Mixtepec -Dto. 26 -', '2014-07-07', NULL, NULL, NULL, 'N'),
(1208, 20, 'San Juan Ñumí', '2014-07-07', NULL, NULL, NULL, 'N'),
(1209, 20, 'San Juan Ozolotepec', '2014-07-07', NULL, NULL, NULL, 'N'),
(1210, 20, 'San Juan Petlapa', '2014-07-07', NULL, NULL, NULL, 'N'),
(1211, 20, 'San Juan Quiahije', '2014-07-07', NULL, NULL, NULL, 'N'),
(1212, 20, 'San Juan Quiotepec', '2014-07-07', NULL, NULL, NULL, 'N'),
(1213, 20, 'San Juan Sayultepec', '2014-07-07', NULL, NULL, NULL, 'N'),
(1214, 20, 'San Juan Tabaá', '2014-07-07', NULL, NULL, NULL, 'N'),
(1215, 20, 'San Juan Tamazola', '2014-07-07', NULL, NULL, NULL, 'N'),
(1216, 20, 'San Juan Teita', '2014-07-07', NULL, NULL, NULL, 'N'),
(1217, 20, 'San Juan Teitipac', '2014-07-07', NULL, NULL, NULL, 'N'),
(1218, 20, 'San Juan Tepeuxila', '2014-07-07', NULL, NULL, NULL, 'N'),
(1219, 20, 'San Juan Teposcolula', '2014-07-07', NULL, NULL, NULL, 'N'),
(1220, 20, 'San Juan Yaeé', '2014-07-07', NULL, NULL, NULL, 'N'),
(1221, 20, 'San Juan Yatzona', '2014-07-07', NULL, NULL, NULL, 'N'),
(1222, 20, 'San Juan Yucuita', '2014-07-07', NULL, NULL, NULL, 'N'),
(1223, 20, 'San Lorenzo', '2014-07-07', NULL, NULL, NULL, 'N'),
(1224, 20, 'San Lorenzo Albarradas', '2014-07-07', NULL, NULL, NULL, 'N'),
(1225, 20, 'San Lorenzo Cacaotepec', '2014-07-07', NULL, NULL, NULL, 'N'),
(1226, 20, 'San Lorenzo Cuaunecuiltitla', '2014-07-07', NULL, NULL, NULL, 'N'),
(1227, 20, 'San Lorenzo Texmelúcan', '2014-07-07', NULL, NULL, NULL, 'N'),
(1228, 20, 'San Lorenzo Victoria', '2014-07-07', NULL, NULL, NULL, 'N'),
(1229, 20, 'San Lucas Camotlán', '2014-07-07', NULL, NULL, NULL, 'N'),
(1230, 20, 'San Lucas Ojitlán', '2014-07-07', NULL, NULL, NULL, 'N'),
(1231, 20, 'San Lucas Quiaviní', '2014-07-07', NULL, NULL, NULL, 'N'),
(1232, 20, 'San Lucas Zoquiápam', '2014-07-07', NULL, NULL, NULL, 'N'),
(1233, 20, 'San Luis Amatlán', '2014-07-07', NULL, NULL, NULL, 'N'),
(1234, 20, 'San Marcial Ozolotepec', '2014-07-07', NULL, NULL, NULL, 'N'),
(1235, 20, 'San Marcos Arteaga', '2014-07-07', NULL, NULL, NULL, 'N'),
(1236, 20, 'San Martín de los Cansecos', '2014-07-07', NULL, NULL, NULL, 'N'),
(1237, 20, 'San Martín Huamelúlpam', '2014-07-07', NULL, NULL, NULL, 'N'),
(1238, 20, 'San Martín Itunyoso', '2014-07-07', NULL, NULL, NULL, 'N'),
(1239, 20, 'San Martín Lachilá', '2014-07-07', NULL, NULL, NULL, 'N'),
(1240, 20, 'San Martín Peras', '2014-07-07', NULL, NULL, NULL, 'N'),
(1241, 20, 'San Martín Tilcajete', '2014-07-07', NULL, NULL, NULL, 'N'),
(1242, 20, 'San Martín Toxpalan', '2014-07-07', NULL, NULL, NULL, 'N'),
(1243, 20, 'San Martín Zacatepec', '2014-07-07', NULL, NULL, NULL, 'N'),
(1244, 20, 'San Mateo Cajonos', '2014-07-07', NULL, NULL, NULL, 'N'),
(1245, 20, 'Capulálpam de Méndez', '2014-07-07', NULL, NULL, NULL, 'N'),
(1246, 20, 'San Mateo del Mar', '2014-07-07', NULL, NULL, NULL, 'N'),
(1247, 20, 'San Mateo Yoloxochitlán', '2014-07-07', NULL, NULL, NULL, 'N'),
(1248, 20, 'San Mateo Etlatongo', '2014-07-07', NULL, NULL, NULL, 'N'),
(1249, 20, 'San Mateo Nejápam', '2014-07-07', NULL, NULL, NULL, 'N'),
(1250, 20, 'San Mateo Peñasco', '2014-07-07', NULL, NULL, NULL, 'N'),
(1251, 20, 'San Mateo Piñas', '2014-07-07', NULL, NULL, NULL, 'N'),
(1252, 20, 'San Mateo Río Hondo', '2014-07-07', NULL, NULL, NULL, 'N'),
(1253, 20, 'San Mateo Sindihui', '2014-07-07', NULL, NULL, NULL, 'N'),
(1254, 20, 'San Mateo Tlapiltepec', '2014-07-07', NULL, NULL, NULL, 'N'),
(1255, 20, 'San Melchor Betaza', '2014-07-07', NULL, NULL, NULL, 'N'),
(1256, 20, 'San Miguel Achiutla', '2014-07-07', NULL, NULL, NULL, 'N'),
(1257, 20, 'San Miguel Ahuehuetitlán', '2014-07-07', NULL, NULL, NULL, 'N'),
(1258, 20, 'San Miguel Aloápam', '2014-07-07', NULL, NULL, NULL, 'N'),
(1259, 20, 'San Miguel Amatitlán', '2014-07-07', NULL, NULL, NULL, 'N'),
(1260, 20, 'San Miguel Amatlán', '2014-07-07', NULL, NULL, NULL, 'N'),
(1261, 20, 'San Miguel Coatlán', '2014-07-07', NULL, NULL, NULL, 'N'),
(1262, 20, 'San Miguel Chicahua', '2014-07-07', NULL, NULL, NULL, 'N'),
(1263, 20, 'San Miguel Chimalapa', '2014-07-07', NULL, NULL, NULL, 'N'),
(1264, 20, 'San Miguel del Puerto', '2014-07-07', NULL, NULL, NULL, 'N'),
(1265, 20, 'San Miguel del Río', '2014-07-07', NULL, NULL, NULL, 'N'),
(1266, 20, 'San Miguel Ejutla', '2014-07-07', NULL, NULL, NULL, 'N'),
(1267, 20, 'San Miguel el Grande', '2014-07-07', NULL, NULL, NULL, 'N'),
(1268, 20, 'San Miguel Huautla', '2014-07-07', NULL, NULL, NULL, 'N'),
(1269, 20, 'San Miguel Mixtepec', '2014-07-07', NULL, NULL, NULL, 'N'),
(1270, 20, 'San Miguel Panixtlahuaca', '2014-07-07', NULL, NULL, NULL, 'N'),
(1271, 20, 'San Miguel Peras', '2014-07-07', NULL, NULL, NULL, 'N'),
(1272, 20, 'San Miguel Piedras', '2014-07-07', NULL, NULL, NULL, 'N'),
(1273, 20, 'San Miguel Quetzaltepec', '2014-07-07', NULL, NULL, NULL, 'N'),
(1274, 20, 'San Miguel Santa Flor', '2014-07-07', NULL, NULL, NULL, 'N'),
(1275, 20, 'Villa Sola de Vega', '2014-07-07', NULL, NULL, NULL, 'N'),
(1276, 20, 'San Miguel Soyaltepec', '2014-07-07', NULL, NULL, NULL, 'N'),
(1277, 20, 'San Miguel Suchixtepec', '2014-07-07', NULL, NULL, NULL, 'N'),
(1278, 20, 'Villa Talea de Castro', '2014-07-07', NULL, NULL, NULL, 'N'),
(1279, 20, 'San Miguel Tecomatlán', '2014-07-07', NULL, NULL, NULL, 'N'),
(1280, 20, 'San Miguel Tenango', '2014-07-07', NULL, NULL, NULL, 'N'),
(1281, 20, 'San Miguel Tequixtepec', '2014-07-07', NULL, NULL, NULL, 'N'),
(1282, 20, 'San Miguel Tilquiápam', '2014-07-07', NULL, NULL, NULL, 'N'),
(1283, 20, 'San Miguel Tlacamama', '2014-07-07', NULL, NULL, NULL, 'N'),
(1284, 20, 'San Miguel Tlacotepec', '2014-07-07', NULL, NULL, NULL, 'N'),
(1285, 20, 'San Miguel Tulancingo', '2014-07-07', NULL, NULL, NULL, 'N'),
(1286, 20, 'San Miguel Yotao', '2014-07-07', NULL, NULL, NULL, 'N'),
(1287, 20, 'San Nicolás', '2014-07-07', NULL, NULL, NULL, 'N'),
(1288, 20, 'San Nicolás Hidalgo', '2014-07-07', NULL, NULL, NULL, 'N'),
(1289, 20, 'San Pablo Coatlán', '2014-07-07', NULL, NULL, NULL, 'N'),
(1290, 20, 'San Pablo Cuatro Venados', '2014-07-07', NULL, NULL, NULL, 'N'),
(1291, 20, 'San Pablo Etla', '2014-07-07', NULL, NULL, NULL, 'N'),
(1292, 20, 'San Pablo Huitzo', '2014-07-07', NULL, NULL, NULL, 'N'),
(1293, 20, 'San Pablo Huixtepec', '2014-07-07', NULL, NULL, NULL, 'N'),
(1294, 20, 'San Pablo Macuiltianguis', '2014-07-07', NULL, NULL, NULL, 'N'),
(1295, 20, 'San Pablo Tijaltepec', '2014-07-07', NULL, NULL, NULL, 'N'),
(1296, 20, 'San Pablo Villa de Mitla', '2014-07-07', NULL, NULL, NULL, 'N'),
(1297, 20, 'San Pablo Yaganiza', '2014-07-07', NULL, NULL, NULL, 'N'),
(1298, 20, 'San Pedro Amuzgos', '2014-07-07', NULL, NULL, NULL, 'N'),
(1299, 20, 'San Pedro Apóstol', '2014-07-07', NULL, NULL, NULL, 'N'),
(1300, 20, 'San Pedro Atoyac', '2014-07-07', NULL, NULL, NULL, 'N'),
(1301, 20, 'San Pedro Cajonos', '2014-07-07', NULL, NULL, NULL, 'N'),
(1302, 20, 'San Pedro Coxcaltepec Cántaros', '2014-07-07', NULL, NULL, NULL, 'N'),
(1303, 20, 'San Pedro Comitancillo', '2014-07-07', NULL, NULL, NULL, 'N'),
(1304, 20, 'San Pedro el Alto', '2014-07-07', NULL, NULL, NULL, 'N'),
(1305, 20, 'San Pedro Huamelula', '2014-07-07', NULL, NULL, NULL, 'N'),
(1306, 20, 'San Pedro Huilotepec', '2014-07-07', NULL, NULL, NULL, 'N'),
(1307, 20, 'San Pedro Ixcatlán', '2014-07-07', NULL, NULL, NULL, 'N'),
(1308, 20, 'San Pedro Ixtlahuaca', '2014-07-07', NULL, NULL, NULL, 'N'),
(1309, 20, 'San Pedro Jaltepetongo', '2014-07-07', NULL, NULL, NULL, 'N'),
(1310, 20, 'San Pedro Jicayán', '2014-07-07', NULL, NULL, NULL, 'N'),
(1311, 20, 'San Pedro Jocotipac', '2014-07-07', NULL, NULL, NULL, 'N'),
(1312, 20, 'San Pedro Juchatengo', '2014-07-07', NULL, NULL, NULL, 'N'),
(1313, 20, 'San Pedro Mártir', '2014-07-07', NULL, NULL, NULL, 'N'),
(1314, 20, 'San Pedro Mártir Quiechapa', '2014-07-07', NULL, NULL, NULL, 'N'),
(1315, 20, 'San Pedro Mártir Yucuxaco', '2014-07-07', NULL, NULL, NULL, 'N'),
(1316, 20, 'San Pedro Mixtepec -Dto. 22 -', '2014-07-07', NULL, NULL, NULL, 'N'),
(1317, 20, 'San Pedro Mixtepec -Dto. 26 -', '2014-07-07', NULL, NULL, NULL, 'N'),
(1318, 20, 'San Pedro Molinos', '2014-07-07', NULL, NULL, NULL, 'N'),
(1319, 20, 'San Pedro Nopala', '2014-07-07', NULL, NULL, NULL, 'N'),
(1320, 20, 'San Pedro Ocopetatillo', '2014-07-07', NULL, NULL, NULL, 'N'),
(1321, 20, 'San Pedro Ocotepec', '2014-07-07', NULL, NULL, NULL, 'N'),
(1322, 20, 'San Pedro Pochutla', '2014-07-07', NULL, NULL, NULL, 'N'),
(1323, 20, 'San Pedro Quiatoni', '2014-07-07', NULL, NULL, NULL, 'N'),
(1324, 20, 'San Pedro Sochiápam', '2014-07-07', NULL, NULL, NULL, 'N'),
(1325, 20, 'San Pedro Tapanatepec', '2014-07-07', NULL, NULL, NULL, 'N'),
(1326, 20, 'San Pedro Taviche', '2014-07-07', NULL, NULL, NULL, 'N'),
(1327, 20, 'San Pedro Teozacoalco', '2014-07-07', NULL, NULL, NULL, 'N'),
(1328, 20, 'San Pedro Teutila', '2014-07-07', NULL, NULL, NULL, 'N'),
(1329, 20, 'San Pedro Tidaá', '2014-07-07', NULL, NULL, NULL, 'N'),
(1330, 20, 'San Pedro Topiltepec', '2014-07-07', NULL, NULL, NULL, 'N'),
(1331, 20, 'San Pedro Totolápam', '2014-07-07', NULL, NULL, NULL, 'N'),
(1332, 20, 'Villa de Tututepec de Melchor Ocampo', '2014-07-07', NULL, NULL, NULL, 'N'),
(1333, 20, 'San Pedro Yaneri', '2014-07-07', NULL, NULL, NULL, 'N'),
(1334, 20, 'San Pedro Yólox', '2014-07-07', NULL, NULL, NULL, 'N'),
(1335, 20, 'San Pedro y San Pablo Ayutla', '2014-07-07', NULL, NULL, NULL, 'N'),
(1336, 20, 'Villa de Etla', '2014-07-07', NULL, NULL, NULL, 'N'),
(1337, 20, 'San Pedro y San Pablo Teposcolula', '2014-07-07', NULL, NULL, NULL, 'N'),
(1338, 20, 'San Pedro y San Pablo Tequixtepec', '2014-07-07', NULL, NULL, NULL, 'N'),
(1339, 20, 'San Pedro Yucunama', '2014-07-07', NULL, NULL, NULL, 'N'),
(1340, 20, 'San Raymundo Jalpan', '2014-07-07', NULL, NULL, NULL, 'N'),
(1341, 20, 'San Sebastián Abasolo', '2014-07-07', NULL, NULL, NULL, 'N'),
(1342, 20, 'San Sebastián Coatlán', '2014-07-07', NULL, NULL, NULL, 'N'),
(1343, 20, 'San Sebastián Ixcapa', '2014-07-07', NULL, NULL, NULL, 'N'),
(1344, 20, 'San Sebastián Nicananduta', '2014-07-07', NULL, NULL, NULL, 'N'),
(1345, 20, 'San Sebastián Río Hondo', '2014-07-07', NULL, NULL, NULL, 'N'),
(1346, 20, 'San Sebastián Tecomaxtlahuaca', '2014-07-07', NULL, NULL, NULL, 'N'),
(1347, 20, 'San Sebastián Teitipac', '2014-07-07', NULL, NULL, NULL, 'N'),
(1348, 20, 'San Sebastián Tutla', '2014-07-07', NULL, NULL, NULL, 'N'),
(1349, 20, 'San Simón Almolongas', '2014-07-07', NULL, NULL, NULL, 'N'),
(1350, 20, 'San Simón Zahuatlán', '2014-07-07', NULL, NULL, NULL, 'N'),
(1351, 20, 'Santa Ana', '2014-07-07', NULL, NULL, NULL, 'N'),
(1352, 20, 'Santa Ana Ateixtlahuaca', '2014-07-07', NULL, NULL, NULL, 'N'),
(1353, 20, 'Santa Ana Cuauhtémoc', '2014-07-07', NULL, NULL, NULL, 'N'),
(1354, 20, 'Santa Ana del Valle', '2014-07-07', NULL, NULL, NULL, 'N'),
(1355, 20, 'Santa Ana Tavela', '2014-07-07', NULL, NULL, NULL, 'N'),
(1356, 20, 'Santa Ana Tlapacoyan', '2014-07-07', NULL, NULL, NULL, 'N'),
(1357, 20, 'Santa Ana Yareni', '2014-07-07', NULL, NULL, NULL, 'N'),
(1358, 20, 'Santa Ana Zegache', '2014-07-07', NULL, NULL, NULL, 'N'),
(1359, 20, 'Santa Catalina Quierí', '2014-07-07', NULL, NULL, NULL, 'N'),
(1360, 20, 'Santa Catarina Cuixtla', '2014-07-07', NULL, NULL, NULL, 'N'),
(1361, 20, 'Santa Catarina Ixtepeji', '2014-07-07', NULL, NULL, NULL, 'N'),
(1362, 20, 'Santa Catarina Juquila', '2014-07-07', NULL, NULL, NULL, 'N'),
(1363, 20, 'Santa Catarina Lachatao', '2014-07-07', NULL, NULL, NULL, 'N'),
(1364, 20, 'Santa Catarina Loxicha', '2014-07-07', NULL, NULL, NULL, 'N'),
(1365, 20, 'Santa Catarina Mechoacán', '2014-07-07', NULL, NULL, NULL, 'N'),
(1366, 20, 'Santa Catarina Minas', '2014-07-07', NULL, NULL, NULL, 'N'),
(1367, 20, 'Santa Catarina Quiané', '2014-07-07', NULL, NULL, NULL, 'N'),
(1368, 20, 'Santa Catarina Tayata', '2014-07-07', NULL, NULL, NULL, 'N'),
(1369, 20, 'Santa Catarina Ticuá', '2014-07-07', NULL, NULL, NULL, 'N'),
(1370, 20, 'Santa Catarina Yosonotú', '2014-07-07', NULL, NULL, NULL, 'N'),
(1371, 20, 'Santa Catarina Zapoquila', '2014-07-07', NULL, NULL, NULL, 'N'),
(1372, 20, 'Santa Cruz Acatepec', '2014-07-07', NULL, NULL, NULL, 'N'),
(1373, 20, 'Santa Cruz Amilpas', '2014-07-07', NULL, NULL, NULL, 'N'),
(1374, 20, 'Santa Cruz de Bravo', '2014-07-07', NULL, NULL, NULL, 'N'),
(1375, 20, 'Santa Cruz Itundujia', '2014-07-07', NULL, NULL, NULL, 'N'),
(1376, 20, 'Santa Cruz Mixtepec', '2014-07-07', NULL, NULL, NULL, 'N'),
(1377, 20, 'Santa Cruz Nundaco', '2014-07-07', NULL, NULL, NULL, 'N'),
(1378, 20, 'Santa Cruz Papalutla', '2014-07-07', NULL, NULL, NULL, 'N'),
(1379, 20, 'Santa Cruz Tacache de Mina', '2014-07-07', NULL, NULL, NULL, 'N'),
(1380, 20, 'Santa Cruz Tacahua', '2014-07-07', NULL, NULL, NULL, 'N'),
(1381, 20, 'Santa Cruz Tayata', '2014-07-07', NULL, NULL, NULL, 'N'),
(1382, 20, 'Santa Cruz Xitla', '2014-07-07', NULL, NULL, NULL, 'N'),
(1383, 20, 'Santa Cruz Xoxocotlán', '2014-07-07', NULL, NULL, NULL, 'N'),
(1384, 20, 'Santa Cruz Zenzontepec', '2014-07-07', NULL, NULL, NULL, 'N'),
(1385, 20, 'Santa Gertrudis', '2014-07-07', NULL, NULL, NULL, 'N'),
(1386, 20, 'Santa Inés del Monte', '2014-07-07', NULL, NULL, NULL, 'N'),
(1387, 20, 'Santa Inés Yatzeche', '2014-07-07', NULL, NULL, NULL, 'N'),
(1388, 20, 'Santa Lucía del Camino', '2014-07-07', NULL, NULL, NULL, 'N'),
(1389, 20, 'Santa Lucía Miahuatlán', '2014-07-07', NULL, NULL, NULL, 'N'),
(1390, 20, 'Santa Lucía Monteverde', '2014-07-07', NULL, NULL, NULL, 'N'),
(1391, 20, 'Santa Lucía Ocotlán', '2014-07-07', NULL, NULL, NULL, 'N'),
(1392, 20, 'Santa María Alotepec', '2014-07-07', NULL, NULL, NULL, 'N'),
(1393, 20, 'Santa María Apazco', '2014-07-07', NULL, NULL, NULL, 'N'),
(1394, 20, 'Santa María la Asunción', '2014-07-07', NULL, NULL, NULL, 'N'),
(1395, 20, 'Heroica Ciudad de Tlaxiaco', '2014-07-07', NULL, NULL, NULL, 'N'),
(1396, 20, 'Ayoquezco de Aldama', '2014-07-07', NULL, NULL, NULL, 'N'),
(1397, 20, 'Santa María Atzompa', '2014-07-07', NULL, NULL, NULL, 'N'),
(1398, 20, 'Santa María Camotlán', '2014-07-07', NULL, NULL, NULL, 'N'),
(1399, 20, 'Santa María Colotepec', '2014-07-07', NULL, NULL, NULL, 'N'),
(1400, 20, 'Santa María Cortijo', '2014-07-07', NULL, NULL, NULL, 'N'),
(1401, 20, 'Santa María Coyotepec', '2014-07-07', NULL, NULL, NULL, 'N'),
(1402, 20, 'Santa María Chachoápam', '2014-07-07', NULL, NULL, NULL, 'N'),
(1403, 20, 'Villa de Chilapa de Díaz', '2014-07-07', NULL, NULL, NULL, 'N'),
(1404, 20, 'Santa María Chilchotla', '2014-07-07', NULL, NULL, NULL, 'N'),
(1405, 20, 'Santa María Chimalapa', '2014-07-07', NULL, NULL, NULL, 'N'),
(1406, 20, 'Santa María del Rosario', '2014-07-07', NULL, NULL, NULL, 'N'),
(1407, 20, 'Santa María del Tule', '2014-07-07', NULL, NULL, NULL, 'N'),
(1408, 20, 'Santa María Ecatepec', '2014-07-07', NULL, NULL, NULL, 'N'),
(1409, 20, 'Santa María Guelacé', '2014-07-07', NULL, NULL, NULL, 'N'),
(1410, 20, 'Santa María Guienagati', '2014-07-07', NULL, NULL, NULL, 'N'),
(1411, 20, 'Santa María Huatulco', '2014-07-07', NULL, NULL, NULL, 'N'),
(1412, 20, 'Santa María Huazolotitlán', '2014-07-07', NULL, NULL, NULL, 'N'),
(1413, 20, 'Santa María Ipalapa', '2014-07-07', NULL, NULL, NULL, 'N'),
(1414, 20, 'Santa María Ixcatlán', '2014-07-07', NULL, NULL, NULL, 'N'),
(1415, 20, 'Santa María Jacatepec', '2014-07-07', NULL, NULL, NULL, 'N'),
(1416, 20, 'Santa María Jalapa del Marqués', '2014-07-07', NULL, NULL, NULL, 'N'),
(1417, 20, 'Santa María Jaltianguis', '2014-07-07', NULL, NULL, NULL, 'N'),
(1418, 20, 'Santa María Lachixío', '2014-07-07', NULL, NULL, NULL, 'N'),
(1419, 20, 'Santa María Mixtequilla', '2014-07-07', NULL, NULL, NULL, 'N'),
(1420, 20, 'Santa María Nativitas', '2014-07-07', NULL, NULL, NULL, 'N'),
(1421, 20, 'Santa María Nduayaco', '2014-07-07', NULL, NULL, NULL, 'N'),
(1422, 20, 'Santa María Ozolotepec', '2014-07-07', NULL, NULL, NULL, 'N'),
(1423, 20, 'Santa María Pápalo', '2014-07-07', NULL, NULL, NULL, 'N'),
(1424, 20, 'Santa María Peñoles', '2014-07-07', NULL, NULL, NULL, 'N'),
(1425, 20, 'Santa María Petapa', '2014-07-07', NULL, NULL, NULL, 'N'),
(1426, 20, 'Santa María Quiegolani', '2014-07-07', NULL, NULL, NULL, 'N'),
(1427, 20, 'Santa María Sola', '2014-07-07', NULL, NULL, NULL, 'N'),
(1428, 20, 'Santa María Tataltepec', '2014-07-07', NULL, NULL, NULL, 'N'),
(1429, 20, 'Santa María Tecomavaca', '2014-07-07', NULL, NULL, NULL, 'N'),
(1430, 20, 'Santa María Temaxcalapa', '2014-07-07', NULL, NULL, NULL, 'N'),
(1431, 20, 'Santa María Temaxcaltepec', '2014-07-07', NULL, NULL, NULL, 'N'),
(1432, 20, 'Santa María Teopoxco', '2014-07-07', NULL, NULL, NULL, 'N'),
(1433, 20, 'Santa María Tepantlali', '2014-07-07', NULL, NULL, NULL, 'N'),
(1434, 20, 'Santa María Texcatitlán', '2014-07-07', NULL, NULL, NULL, 'N'),
(1435, 20, 'Santa María Tlahuitoltepec', '2014-07-07', NULL, NULL, NULL, 'N'),
(1436, 20, 'Santa María Tlalixtac', '2014-07-07', NULL, NULL, NULL, 'N'),
(1437, 20, 'Santa María Tonameca', '2014-07-07', NULL, NULL, NULL, 'N'),
(1438, 20, 'Santa María Totolapilla', '2014-07-07', NULL, NULL, NULL, 'N'),
(1439, 20, 'Santa María Xadani', '2014-07-07', NULL, NULL, NULL, 'N'),
(1440, 20, 'Santa María Yalina', '2014-07-07', NULL, NULL, NULL, 'N'),
(1441, 20, 'Santa María Yavesía', '2014-07-07', NULL, NULL, NULL, 'N'),
(1442, 20, 'Santa María Yolotepec', '2014-07-07', NULL, NULL, NULL, 'N'),
(1443, 20, 'Santa María Yosoyúa', '2014-07-07', NULL, NULL, NULL, 'N'),
(1444, 20, 'Santa María Yucuhiti', '2014-07-07', NULL, NULL, NULL, 'N'),
(1445, 20, 'Santa María Zacatepec', '2014-07-07', NULL, NULL, NULL, 'N'),
(1446, 20, 'Santa María Zaniza', '2014-07-07', NULL, NULL, NULL, 'N'),
(1447, 20, 'Santa María Zoquitlán', '2014-07-07', NULL, NULL, NULL, 'N'),
(1448, 20, 'Santiago Amoltepec', '2014-07-07', NULL, NULL, NULL, 'N'),
(1449, 20, 'Santiago Apoala', '2014-07-07', NULL, NULL, NULL, 'N'),
(1450, 20, 'Santiago Apóstol', '2014-07-07', NULL, NULL, NULL, 'N'),
(1451, 20, 'Santiago Astata', '2014-07-07', NULL, NULL, NULL, 'N'),
(1452, 20, 'Santiago Atitlán', '2014-07-07', NULL, NULL, NULL, 'N'),
(1453, 20, 'Santiago Ayuquililla', '2014-07-07', NULL, NULL, NULL, 'N'),
(1454, 20, 'Santiago Cacaloxtepec', '2014-07-07', NULL, NULL, NULL, 'N'),
(1455, 20, 'Santiago Camotlán', '2014-07-07', NULL, NULL, NULL, 'N'),
(1456, 20, 'Santiago Comaltepec', '2014-07-07', NULL, NULL, NULL, 'N'),
(1457, 20, 'Santiago Chazumba', '2014-07-07', NULL, NULL, NULL, 'N'),
(1458, 20, 'Santiago Choápam', '2014-07-07', NULL, NULL, NULL, 'N'),
(1459, 20, 'Santiago del Río', '2014-07-07', NULL, NULL, NULL, 'N'),
(1460, 20, 'Santiago Huajolotitlán', '2014-07-07', NULL, NULL, NULL, 'N'),
(1461, 20, 'Santiago Huauclilla', '2014-07-07', NULL, NULL, NULL, 'N'),
(1462, 20, 'Santiago Ihuitlán Plumas', '2014-07-07', NULL, NULL, NULL, 'N'),
(1463, 20, 'Santiago Ixcuintepec', '2014-07-07', NULL, NULL, NULL, 'N'),
(1464, 20, 'Santiago Ixtayutla', '2014-07-07', NULL, NULL, NULL, 'N'),
(1465, 20, 'Santiago Jamiltepec', '2014-07-07', NULL, NULL, NULL, 'N'),
(1466, 20, 'Santiago Jocotepec', '2014-07-07', NULL, NULL, NULL, 'N'),
(1467, 20, 'Santiago Juxtlahuaca', '2014-07-07', NULL, NULL, NULL, 'N'),
(1468, 20, 'Santiago Lachiguiri', '2014-07-07', NULL, NULL, NULL, 'N'),
(1469, 20, 'Santiago Lalopa', '2014-07-07', NULL, NULL, NULL, 'N'),
(1470, 20, 'Santiago Laollaga', '2014-07-07', NULL, NULL, NULL, 'N'),
(1471, 20, 'Santiago Laxopa', '2014-07-07', NULL, NULL, NULL, 'N'),
(1472, 20, 'Santiago Llano Grande', '2014-07-07', NULL, NULL, NULL, 'N'),
(1473, 20, 'Santiago Matatlán', '2014-07-07', NULL, NULL, NULL, 'N'),
(1474, 20, 'Santiago Miltepec', '2014-07-07', NULL, NULL, NULL, 'N'),
(1475, 20, 'Santiago Minas', '2014-07-07', NULL, NULL, NULL, 'N'),
(1476, 20, 'Santiago Nacaltepec', '2014-07-07', NULL, NULL, NULL, 'N'),
(1477, 20, 'Santiago Nejapilla', '2014-07-07', NULL, NULL, NULL, 'N'),
(1478, 20, 'Santiago Nundiche', '2014-07-07', NULL, NULL, NULL, 'N'),
(1479, 20, 'Santiago Nuyoó', '2014-07-07', NULL, NULL, NULL, 'N'),
(1480, 20, 'Santiago Pinotepa Nacional', '2014-07-07', NULL, NULL, NULL, 'N'),
(1481, 20, 'Santiago Suchilquitongo', '2014-07-07', NULL, NULL, NULL, 'N'),
(1482, 20, 'Santiago Tamazola', '2014-07-07', NULL, NULL, NULL, 'N'),
(1483, 20, 'Santiago Tapextla', '2014-07-07', NULL, NULL, NULL, 'N'),
(1484, 20, 'Villa Tejúpam de la Unión', '2014-07-07', NULL, NULL, NULL, 'N'),
(1485, 20, 'Santiago Tenango', '2014-07-07', NULL, NULL, NULL, 'N'),
(1486, 20, 'Santiago Tepetlapa', '2014-07-07', NULL, NULL, NULL, 'N'),
(1487, 20, 'Santiago Tetepec', '2014-07-07', NULL, NULL, NULL, 'N'),
(1488, 20, 'Santiago Texcalcingo', '2014-07-07', NULL, NULL, NULL, 'N'),
(1489, 20, 'Santiago Textitlán', '2014-07-07', NULL, NULL, NULL, 'N'),
(1490, 20, 'Santiago Tilantongo', '2014-07-07', NULL, NULL, NULL, 'N'),
(1491, 20, 'Santiago Tillo', '2014-07-07', NULL, NULL, NULL, 'N'),
(1492, 20, 'Santiago Tlazoyaltepec', '2014-07-07', NULL, NULL, NULL, 'N'),
(1493, 20, 'Santiago Xanica', '2014-07-07', NULL, NULL, NULL, 'N'),
(1494, 20, 'Santiago Xiacuí', '2014-07-07', NULL, NULL, NULL, 'N'),
(1495, 20, 'Santiago Yaitepec', '2014-07-07', NULL, NULL, NULL, 'N'),
(1496, 20, 'Santiago Yaveo', '2014-07-07', NULL, NULL, NULL, 'N'),
(1497, 20, 'Santiago Yolomécatl', '2014-07-07', NULL, NULL, NULL, 'N'),
(1498, 20, 'Santiago Yosondúa', '2014-07-07', NULL, NULL, NULL, 'N'),
(1499, 20, 'Santiago Yucuyachi', '2014-07-07', NULL, NULL, NULL, 'N'),
(1500, 20, 'Santiago Zacatepec', '2014-07-07', NULL, NULL, NULL, 'N'),
(1501, 20, 'Santiago Zoochila', '2014-07-07', NULL, NULL, NULL, 'N'),
(1502, 20, 'Nuevo Zoquiápam', '2014-07-07', NULL, NULL, NULL, 'N'),
(1503, 20, 'Santo Domingo Ingenio', '2014-07-07', NULL, NULL, NULL, 'N'),
(1504, 20, 'Santo Domingo Albarradas', '2014-07-07', NULL, NULL, NULL, 'N'),
(1505, 20, 'Santo Domingo Armenta', '2014-07-07', NULL, NULL, NULL, 'N'),
(1506, 20, 'Santo Domingo Chihuitán', '2014-07-07', NULL, NULL, NULL, 'N'),
(1507, 20, 'Santo Domingo de Morelos', '2014-07-07', NULL, NULL, NULL, 'N'),
(1508, 20, 'Santo Domingo Ixcatlán', '2014-07-07', NULL, NULL, NULL, 'N'),
(1509, 20, 'Santo Domingo Nuxaá', '2014-07-07', NULL, NULL, NULL, 'N'),
(1510, 20, 'Santo Domingo Ozolotepec', '2014-07-07', NULL, NULL, NULL, 'N'),
(1511, 20, 'Santo Domingo Petapa', '2014-07-07', NULL, NULL, NULL, 'N'),
(1512, 20, 'Santo Domingo Roayaga', '2014-07-07', NULL, NULL, NULL, 'N'),
(1513, 20, 'Santo Domingo Tehuantepec', '2014-07-07', NULL, NULL, NULL, 'N'),
(1514, 20, 'Santo Domingo Teojomulco', '2014-07-07', NULL, NULL, NULL, 'N'),
(1515, 20, 'Santo Domingo Tepuxtepec', '2014-07-07', NULL, NULL, NULL, 'N'),
(1516, 20, 'Santo Domingo Tlatayápam', '2014-07-07', NULL, NULL, NULL, 'N'),
(1517, 20, 'Santo Domingo Tomaltepec', '2014-07-07', NULL, NULL, NULL, 'N'),
(1518, 20, 'Santo Domingo Tonalá', '2014-07-07', NULL, NULL, NULL, 'N'),
(1519, 20, 'Santo Domingo Tonaltepec', '2014-07-07', NULL, NULL, NULL, 'N'),
(1520, 20, 'Santo Domingo Xagacía', '2014-07-07', NULL, NULL, NULL, 'N'),
(1521, 20, 'Santo Domingo Yanhuitlán', '2014-07-07', NULL, NULL, NULL, 'N'),
(1522, 20, 'Santo Domingo Yodohino', '2014-07-07', NULL, NULL, NULL, 'N'),
(1523, 20, 'Santo Domingo Zanatepec', '2014-07-07', NULL, NULL, NULL, 'N'),
(1524, 20, 'Santos Reyes Nopala', '2014-07-07', NULL, NULL, NULL, 'N'),
(1525, 20, 'Santos Reyes Pápalo', '2014-07-07', NULL, NULL, NULL, 'N'),
(1526, 20, 'Santos Reyes Tepejillo', '2014-07-07', NULL, NULL, NULL, 'N'),
(1527, 20, 'Santos Reyes Yucuná', '2014-07-07', NULL, NULL, NULL, 'N'),
(1528, 20, 'Santo Tomás Jalieza', '2014-07-07', NULL, NULL, NULL, 'N'),
(1529, 20, 'Santo Tomás Mazaltepec', '2014-07-07', NULL, NULL, NULL, 'N'),
(1530, 20, 'Santo Tomás Ocotepec', '2014-07-07', NULL, NULL, NULL, 'N'),
(1531, 20, 'Santo Tomás Tamazulapan', '2014-07-07', NULL, NULL, NULL, 'N'),
(1532, 20, 'San Vicente Coatlán', '2014-07-07', NULL, NULL, NULL, 'N'),
(1533, 20, 'San Vicente Lachixío', '2014-07-07', NULL, NULL, NULL, 'N'),
(1534, 20, 'San Vicente Nuñú', '2014-07-07', NULL, NULL, NULL, 'N'),
(1535, 20, 'Silacayoápam', '2014-07-07', NULL, NULL, NULL, 'N');
INSERT INTO `detmunicipios` (`id_detmunicipio`, `id_catestado`, `dsc_nombre`, `fec_alta`, `fec_modif`, `fec_baja`, `dsc_baja`, `sta_baja`) VALUES
(1536, 20, 'Sitio de Xitlapehua', '2014-07-07', NULL, NULL, NULL, 'N'),
(1537, 20, 'Soledad Etla', '2014-07-07', NULL, NULL, NULL, 'N'),
(1538, 20, 'Villa de Tamazulápam del Progreso', '2014-07-07', NULL, NULL, NULL, 'N'),
(1539, 20, 'Tanetze de Zaragoza', '2014-07-07', NULL, NULL, NULL, 'N'),
(1540, 20, 'Taniche', '2014-07-07', NULL, NULL, NULL, 'N'),
(1541, 20, 'Tataltepec de Valdés', '2014-07-07', NULL, NULL, NULL, 'N'),
(1542, 20, 'Teococuilco de Marcos Pérez', '2014-07-07', NULL, NULL, NULL, 'N'),
(1543, 20, 'Teotitlán de Flores Magón', '2014-07-07', NULL, NULL, NULL, 'N'),
(1544, 20, 'Teotitlán del Valle', '2014-07-07', NULL, NULL, NULL, 'N'),
(1545, 20, 'Teotongo', '2014-07-07', NULL, NULL, NULL, 'N'),
(1546, 20, 'Tepelmeme Villa de Morelos', '2014-07-07', NULL, NULL, NULL, 'N'),
(1547, 20, 'Tezoatlán de Segura y Luna', '2014-07-07', NULL, NULL, NULL, 'N'),
(1548, 20, 'San Jerónimo Tlacochahuaya', '2014-07-07', NULL, NULL, NULL, 'N'),
(1549, 20, 'Tlacolula de Matamoros', '2014-07-07', NULL, NULL, NULL, 'N'),
(1550, 20, 'Tlacotepec Plumas', '2014-07-07', NULL, NULL, NULL, 'N'),
(1551, 20, 'Tlalixtac de Cabrera', '2014-07-07', NULL, NULL, NULL, 'N'),
(1552, 20, 'Totontepec Villa de Morelos', '2014-07-07', NULL, NULL, NULL, 'N'),
(1553, 20, 'Trinidad Zaachila', '2014-07-07', NULL, NULL, NULL, 'N'),
(1554, 20, 'La Trinidad Vista Hermosa', '2014-07-07', NULL, NULL, NULL, 'N'),
(1555, 20, 'Unión Hidalgo', '2014-07-07', NULL, NULL, NULL, 'N'),
(1556, 20, 'Valerio Trujano', '2014-07-07', NULL, NULL, NULL, 'N'),
(1557, 20, 'San Juan Bautista Valle Nacional', '2014-07-07', NULL, NULL, NULL, 'N'),
(1558, 20, 'Villa Díaz Ordaz', '2014-07-07', NULL, NULL, NULL, 'N'),
(1559, 20, 'Yaxe', '2014-07-07', NULL, NULL, NULL, 'N'),
(1560, 20, 'Magdalena Yodocono de Porfirio Díaz', '2014-07-07', NULL, NULL, NULL, 'N'),
(1561, 20, 'Yogana', '2014-07-07', NULL, NULL, NULL, 'N'),
(1562, 20, 'Yutanduchi de Guerrero', '2014-07-07', NULL, NULL, NULL, 'N'),
(1563, 20, 'Villa de Zaachila', '2014-07-07', NULL, NULL, NULL, 'N'),
(1564, 20, 'Zapotitlán del Río', '2014-07-07', NULL, NULL, NULL, 'N'),
(1565, 20, 'Zapotitlán Lagunas', '2014-07-07', NULL, NULL, NULL, 'N'),
(1566, 20, 'Zapotitlán Palmas', '2014-07-07', NULL, NULL, NULL, 'N'),
(1567, 20, 'Santa Inés de Zaragoza', '2014-07-07', NULL, NULL, NULL, 'N'),
(1568, 20, 'Zimatlán de Álvarez', '2014-07-07', NULL, NULL, NULL, 'N'),
(1569, 21, 'Acajete', '2014-07-07', NULL, NULL, NULL, 'N'),
(1570, 21, 'Acateno', '2014-07-07', NULL, NULL, NULL, 'N'),
(1571, 21, 'Acatlán', '2014-07-07', NULL, NULL, NULL, 'N'),
(1572, 21, 'Acatzingo', '2014-07-07', NULL, NULL, NULL, 'N'),
(1573, 21, 'Acteopan', '2014-07-07', NULL, NULL, NULL, 'N'),
(1574, 21, 'Ahuacatlán', '2014-07-07', NULL, NULL, NULL, 'N'),
(1575, 21, 'Ahuatlán', '2014-07-07', NULL, NULL, NULL, 'N'),
(1576, 21, 'Ahuazotepec', '2014-07-07', NULL, NULL, NULL, 'N'),
(1577, 21, 'Ahuehuetitla', '2014-07-07', NULL, NULL, NULL, 'N'),
(1578, 21, 'Ajalpan', '2014-07-07', NULL, NULL, NULL, 'N'),
(1579, 21, 'Albino Zertuche', '2014-07-07', NULL, NULL, NULL, 'N'),
(1580, 21, 'Aljojuca', '2014-07-07', NULL, NULL, NULL, 'N'),
(1581, 21, 'Altepexi', '2014-07-07', NULL, NULL, NULL, 'N'),
(1582, 21, 'Amixtlán', '2014-07-07', NULL, NULL, NULL, 'N'),
(1583, 21, 'Amozoc', '2014-07-07', NULL, NULL, NULL, 'N'),
(1584, 21, 'Aquixtla', '2014-07-07', NULL, NULL, NULL, 'N'),
(1585, 21, 'Atempan', '2014-07-07', NULL, NULL, NULL, 'N'),
(1586, 21, 'Atexcal', '2014-07-07', NULL, NULL, NULL, 'N'),
(1587, 21, 'Atlixco', '2014-07-07', NULL, NULL, NULL, 'N'),
(1588, 21, 'Atoyatempan', '2014-07-07', NULL, NULL, NULL, 'N'),
(1589, 21, 'Atzala', '2014-07-07', NULL, NULL, NULL, 'N'),
(1590, 21, 'Atzitzihuacán', '2014-07-07', NULL, NULL, NULL, 'N'),
(1591, 21, 'Atzitzintla', '2014-07-07', NULL, NULL, NULL, 'N'),
(1592, 21, 'Axutla', '2014-07-07', NULL, NULL, NULL, 'N'),
(1593, 21, 'Ayotoxco de Guerrero', '2014-07-07', NULL, NULL, NULL, 'N'),
(1594, 21, 'Calpan', '2014-07-07', NULL, NULL, NULL, 'N'),
(1595, 21, 'Caltepec', '2014-07-07', NULL, NULL, NULL, 'N'),
(1596, 21, 'Camocuautla', '2014-07-07', NULL, NULL, NULL, 'N'),
(1597, 21, 'Caxhuacan', '2014-07-07', NULL, NULL, NULL, 'N'),
(1598, 21, 'Coatepec', '2014-07-07', NULL, NULL, NULL, 'N'),
(1599, 21, 'Coatzingo', '2014-07-07', NULL, NULL, NULL, 'N'),
(1600, 21, 'Cohetzala', '2014-07-07', NULL, NULL, NULL, 'N'),
(1601, 21, 'Cohuecan', '2014-07-07', NULL, NULL, NULL, 'N'),
(1602, 21, 'Coronango', '2014-07-07', NULL, NULL, NULL, 'N'),
(1603, 21, 'Coxcatlán', '2014-07-07', NULL, NULL, NULL, 'N'),
(1604, 21, 'Coyomeapan', '2014-07-07', NULL, NULL, NULL, 'N'),
(1605, 21, 'Coyotepec', '2014-07-07', NULL, NULL, NULL, 'N'),
(1606, 21, 'Cuapiaxtla de Madero', '2014-07-07', NULL, NULL, NULL, 'N'),
(1607, 21, 'Cuautempan', '2014-07-07', NULL, NULL, NULL, 'N'),
(1608, 21, 'Cuautinchán', '2014-07-07', NULL, NULL, NULL, 'N'),
(1609, 21, 'Cuautlancingo', '2014-07-07', NULL, NULL, NULL, 'N'),
(1610, 21, 'Cuayuca de Andrade', '2014-07-07', NULL, NULL, NULL, 'N'),
(1611, 21, 'Cuetzalan del Progreso', '2014-07-07', NULL, NULL, NULL, 'N'),
(1612, 21, 'Cuyoaco', '2014-07-07', NULL, NULL, NULL, 'N'),
(1613, 21, 'Chalchicomula de Sesma', '2014-07-07', NULL, NULL, NULL, 'N'),
(1614, 21, 'Chapulco', '2014-07-07', NULL, NULL, NULL, 'N'),
(1615, 21, 'Chiautla', '2014-07-07', NULL, NULL, NULL, 'N'),
(1616, 21, 'Chiautzingo', '2014-07-07', NULL, NULL, NULL, 'N'),
(1617, 21, 'Chiconcuautla', '2014-07-07', NULL, NULL, NULL, 'N'),
(1618, 21, 'Chichiquila', '2014-07-07', NULL, NULL, NULL, 'N'),
(1619, 21, 'Chietla', '2014-07-07', NULL, NULL, NULL, 'N'),
(1620, 21, 'Chigmecatitlán', '2014-07-07', NULL, NULL, NULL, 'N'),
(1621, 21, 'Chignahuapan', '2014-07-07', NULL, NULL, NULL, 'N'),
(1622, 21, 'Chignautla', '2014-07-07', NULL, NULL, NULL, 'N'),
(1623, 21, 'Chila', '2014-07-07', NULL, NULL, NULL, 'N'),
(1624, 21, 'Chila de la Sal', '2014-07-07', NULL, NULL, NULL, 'N'),
(1625, 21, 'Honey', '2014-07-07', NULL, NULL, NULL, 'N'),
(1626, 21, 'Chilchotla', '2014-07-07', NULL, NULL, NULL, 'N'),
(1627, 21, 'Chinantla', '2014-07-07', NULL, NULL, NULL, 'N'),
(1628, 21, 'Domingo Arenas', '2014-07-07', NULL, NULL, NULL, 'N'),
(1629, 21, 'Eloxochitlán', '2014-07-07', NULL, NULL, NULL, 'N'),
(1630, 21, 'Epatlán', '2014-07-07', NULL, NULL, NULL, 'N'),
(1631, 21, 'Esperanza', '2014-07-07', NULL, NULL, NULL, 'N'),
(1632, 21, 'Francisco Z. Mena', '2014-07-07', NULL, NULL, NULL, 'N'),
(1633, 21, 'General Felipe Ángeles', '2014-07-07', NULL, NULL, NULL, 'N'),
(1634, 21, 'Guadalupe', '2014-07-07', NULL, NULL, NULL, 'N'),
(1635, 21, 'Guadalupe Victoria', '2014-07-07', NULL, NULL, NULL, 'N'),
(1636, 21, 'Hermenegildo Galeana', '2014-07-07', NULL, NULL, NULL, 'N'),
(1637, 21, 'Huaquechula', '2014-07-07', NULL, NULL, NULL, 'N'),
(1638, 21, 'Huatlatlauca', '2014-07-07', NULL, NULL, NULL, 'N'),
(1639, 21, 'Huauchinango', '2014-07-07', NULL, NULL, NULL, 'N'),
(1640, 21, 'Huehuetla', '2014-07-07', NULL, NULL, NULL, 'N'),
(1641, 21, 'Huehuetlán el Chico', '2014-07-07', NULL, NULL, NULL, 'N'),
(1642, 21, 'Huejotzingo', '2014-07-07', NULL, NULL, NULL, 'N'),
(1643, 21, 'Hueyapan', '2014-07-07', NULL, NULL, NULL, 'N'),
(1644, 21, 'Hueytamalco', '2014-07-07', NULL, NULL, NULL, 'N'),
(1645, 21, 'Hueytlalpan', '2014-07-07', NULL, NULL, NULL, 'N'),
(1646, 21, 'Huitzilan de Serdán', '2014-07-07', NULL, NULL, NULL, 'N'),
(1647, 21, 'Huitziltepec', '2014-07-07', NULL, NULL, NULL, 'N'),
(1648, 21, 'Atlequizayan', '2014-07-07', NULL, NULL, NULL, 'N'),
(1649, 21, 'Ixcamilpa de Guerrero', '2014-07-07', NULL, NULL, NULL, 'N'),
(1650, 21, 'Ixcaquixtla', '2014-07-07', NULL, NULL, NULL, 'N'),
(1651, 21, 'Ixtacamaxtitlán', '2014-07-07', NULL, NULL, NULL, 'N'),
(1652, 21, 'Ixtepec', '2014-07-07', NULL, NULL, NULL, 'N'),
(1653, 21, 'Izúcar de Matamoros', '2014-07-07', NULL, NULL, NULL, 'N'),
(1654, 21, 'Jalpan', '2014-07-07', NULL, NULL, NULL, 'N'),
(1655, 21, 'Jolalpan', '2014-07-07', NULL, NULL, NULL, 'N'),
(1656, 21, 'Jonotla', '2014-07-07', NULL, NULL, NULL, 'N'),
(1657, 21, 'Jopala', '2014-07-07', NULL, NULL, NULL, 'N'),
(1658, 21, 'Juan C. Bonilla', '2014-07-07', NULL, NULL, NULL, 'N'),
(1659, 21, 'Juan Galindo', '2014-07-07', NULL, NULL, NULL, 'N'),
(1660, 21, 'Juan N. Méndez', '2014-07-07', NULL, NULL, NULL, 'N'),
(1661, 21, 'Lafragua', '2014-07-07', NULL, NULL, NULL, 'N'),
(1662, 21, 'Libres', '2014-07-07', NULL, NULL, NULL, 'N'),
(1663, 21, 'La Magdalena Tlatlauquitepec', '2014-07-07', NULL, NULL, NULL, 'N'),
(1664, 21, 'Mazapiltepec de Juárez', '2014-07-07', NULL, NULL, NULL, 'N'),
(1665, 21, 'Mixtla', '2014-07-07', NULL, NULL, NULL, 'N'),
(1666, 21, 'Molcaxac', '2014-07-07', NULL, NULL, NULL, 'N'),
(1667, 21, 'Cañada Morelos', '2014-07-07', NULL, NULL, NULL, 'N'),
(1668, 21, 'Naupan', '2014-07-07', NULL, NULL, NULL, 'N'),
(1669, 21, 'Nauzontla', '2014-07-07', NULL, NULL, NULL, 'N'),
(1670, 21, 'Nealtican', '2014-07-07', NULL, NULL, NULL, 'N'),
(1671, 21, 'Nicolás Bravo', '2014-07-07', NULL, NULL, NULL, 'N'),
(1672, 21, 'Nopalucan', '2014-07-07', NULL, NULL, NULL, 'N'),
(1673, 21, 'Ocotepec', '2014-07-07', NULL, NULL, NULL, 'N'),
(1674, 21, 'Ocoyucan', '2014-07-07', NULL, NULL, NULL, 'N'),
(1675, 21, 'Olintla', '2014-07-07', NULL, NULL, NULL, 'N'),
(1676, 21, 'Oriental', '2014-07-07', NULL, NULL, NULL, 'N'),
(1677, 21, 'Pahuatlán', '2014-07-07', NULL, NULL, NULL, 'N'),
(1678, 21, 'Palmar de Bravo', '2014-07-07', NULL, NULL, NULL, 'N'),
(1679, 21, 'Pantepec', '2014-07-07', NULL, NULL, NULL, 'N'),
(1680, 21, 'Petlalcingo', '2014-07-07', NULL, NULL, NULL, 'N'),
(1681, 21, 'Piaxtla', '2014-07-07', NULL, NULL, NULL, 'N'),
(1682, 21, 'Puebla', '2014-07-07', NULL, NULL, NULL, 'N'),
(1683, 21, 'Quecholac', '2014-07-07', NULL, NULL, NULL, 'N'),
(1684, 21, 'Quimixtlán', '2014-07-07', NULL, NULL, NULL, 'N'),
(1685, 21, 'Rafael Lara Grajales', '2014-07-07', NULL, NULL, NULL, 'N'),
(1686, 21, 'Los Reyes de Juárez', '2014-07-07', NULL, NULL, NULL, 'N'),
(1687, 21, 'San Andrés Cholula', '2014-07-07', NULL, NULL, NULL, 'N'),
(1688, 21, 'San Antonio Cañada', '2014-07-07', NULL, NULL, NULL, 'N'),
(1689, 21, 'San Diego la Mesa Tochimiltzingo', '2014-07-07', NULL, NULL, NULL, 'N'),
(1690, 21, 'San Felipe Teotlalcingo', '2014-07-07', NULL, NULL, NULL, 'N'),
(1691, 21, 'San Felipe Tepatlán', '2014-07-07', NULL, NULL, NULL, 'N'),
(1692, 21, 'San Gabriel Chilac', '2014-07-07', NULL, NULL, NULL, 'N'),
(1693, 21, 'San Gregorio Atzompa', '2014-07-07', NULL, NULL, NULL, 'N'),
(1694, 21, 'San Jerónimo Tecuanipan', '2014-07-07', NULL, NULL, NULL, 'N'),
(1695, 21, 'San Jerónimo Xayacatlán', '2014-07-07', NULL, NULL, NULL, 'N'),
(1696, 21, 'San José Chiapa', '2014-07-07', NULL, NULL, NULL, 'N'),
(1697, 21, 'San José Miahuatlán', '2014-07-07', NULL, NULL, NULL, 'N'),
(1698, 21, 'San Juan Atenco', '2014-07-07', NULL, NULL, NULL, 'N'),
(1699, 21, 'San Juan Atzompa', '2014-07-07', NULL, NULL, NULL, 'N'),
(1700, 21, 'San Martín Texmelucan', '2014-07-07', NULL, NULL, NULL, 'N'),
(1701, 21, 'San Martín Totoltepec', '2014-07-07', NULL, NULL, NULL, 'N'),
(1702, 21, 'San Matías Tlalancaleca', '2014-07-07', NULL, NULL, NULL, 'N'),
(1703, 21, 'San Miguel Ixitlán', '2014-07-07', NULL, NULL, NULL, 'N'),
(1704, 21, 'San Miguel Xoxtla', '2014-07-07', NULL, NULL, NULL, 'N'),
(1705, 21, 'San Nicolás Buenos Aires', '2014-07-07', NULL, NULL, NULL, 'N'),
(1706, 21, 'San Nicolás de los Ranchos', '2014-07-07', NULL, NULL, NULL, 'N'),
(1707, 21, 'San Pablo Anicano', '2014-07-07', NULL, NULL, NULL, 'N'),
(1708, 21, 'San Pedro Cholula', '2014-07-07', NULL, NULL, NULL, 'N'),
(1709, 21, 'San Pedro Yeloixtlahuaca', '2014-07-07', NULL, NULL, NULL, 'N'),
(1710, 21, 'San Salvador el Seco', '2014-07-07', NULL, NULL, NULL, 'N'),
(1711, 21, 'San Salvador el Verde', '2014-07-07', NULL, NULL, NULL, 'N'),
(1712, 21, 'San Salvador Huixcolotla', '2014-07-07', NULL, NULL, NULL, 'N'),
(1713, 21, 'San Sebastián Tlacotepec', '2014-07-07', NULL, NULL, NULL, 'N'),
(1714, 21, 'Santa Catarina Tlaltempan', '2014-07-07', NULL, NULL, NULL, 'N'),
(1715, 21, 'Santa Inés Ahuatempan', '2014-07-07', NULL, NULL, NULL, 'N'),
(1716, 21, 'Santa Isabel Cholula', '2014-07-07', NULL, NULL, NULL, 'N'),
(1717, 21, 'Santiago Miahuatlán', '2014-07-07', NULL, NULL, NULL, 'N'),
(1718, 21, 'Huehuetlán el Grande', '2014-07-07', NULL, NULL, NULL, 'N'),
(1719, 21, 'Santo Tomás Hueyotlipan', '2014-07-07', NULL, NULL, NULL, 'N'),
(1720, 21, 'Soltepec', '2014-07-07', NULL, NULL, NULL, 'N'),
(1721, 21, 'Tecali de Herrera', '2014-07-07', NULL, NULL, NULL, 'N'),
(1722, 21, 'Tecamachalco', '2014-07-07', NULL, NULL, NULL, 'N'),
(1723, 21, 'Tecomatlán', '2014-07-07', NULL, NULL, NULL, 'N'),
(1724, 21, 'Tehuacán', '2014-07-07', NULL, NULL, NULL, 'N'),
(1725, 21, 'Tehuitzingo', '2014-07-07', NULL, NULL, NULL, 'N'),
(1726, 21, 'Tenampulco', '2014-07-07', NULL, NULL, NULL, 'N'),
(1727, 21, 'Teopantlán', '2014-07-07', NULL, NULL, NULL, 'N'),
(1728, 21, 'Teotlalco', '2014-07-07', NULL, NULL, NULL, 'N'),
(1729, 21, 'Tepanco de López', '2014-07-07', NULL, NULL, NULL, 'N'),
(1730, 21, 'Tepango de Rodríguez', '2014-07-07', NULL, NULL, NULL, 'N'),
(1731, 21, 'Tepatlaxco de Hidalgo', '2014-07-07', NULL, NULL, NULL, 'N'),
(1732, 21, 'Tepeaca', '2014-07-07', NULL, NULL, NULL, 'N'),
(1733, 21, 'Tepemaxalco', '2014-07-07', NULL, NULL, NULL, 'N'),
(1734, 21, 'Tepeojuma', '2014-07-07', NULL, NULL, NULL, 'N'),
(1735, 21, 'Tepetzintla', '2014-07-07', NULL, NULL, NULL, 'N'),
(1736, 21, 'Tepexco', '2014-07-07', NULL, NULL, NULL, 'N'),
(1737, 21, 'Tepexi de Rodríguez', '2014-07-07', NULL, NULL, NULL, 'N'),
(1738, 21, 'Tepeyahualco', '2014-07-07', NULL, NULL, NULL, 'N'),
(1739, 21, 'Tepeyahualco de Cuauhtémoc', '2014-07-07', NULL, NULL, NULL, 'N'),
(1740, 21, 'Tetela de Ocampo', '2014-07-07', NULL, NULL, NULL, 'N'),
(1741, 21, 'Teteles de Avila Castillo', '2014-07-07', NULL, NULL, NULL, 'N'),
(1742, 21, 'Teziutlán', '2014-07-07', NULL, NULL, NULL, 'N'),
(1743, 21, 'Tianguismanalco', '2014-07-07', NULL, NULL, NULL, 'N'),
(1744, 21, 'Tilapa', '2014-07-07', NULL, NULL, NULL, 'N'),
(1745, 21, 'Tlacotepec de Benito Juárez', '2014-07-07', NULL, NULL, NULL, 'N'),
(1746, 21, 'Tlacuilotepec', '2014-07-07', NULL, NULL, NULL, 'N'),
(1747, 21, 'Tlachichuca', '2014-07-07', NULL, NULL, NULL, 'N'),
(1748, 21, 'Tlahuapan', '2014-07-07', NULL, NULL, NULL, 'N'),
(1749, 21, 'Tlaltenango', '2014-07-07', NULL, NULL, NULL, 'N'),
(1750, 21, 'Tlanepantla', '2014-07-07', NULL, NULL, NULL, 'N'),
(1751, 21, 'Tlaola', '2014-07-07', NULL, NULL, NULL, 'N'),
(1752, 21, 'Tlapacoya', '2014-07-07', NULL, NULL, NULL, 'N'),
(1753, 21, 'Tlapanalá', '2014-07-07', NULL, NULL, NULL, 'N'),
(1754, 21, 'Tlatlauquitepec', '2014-07-07', NULL, NULL, NULL, 'N'),
(1755, 21, 'Tlaxco', '2014-07-07', NULL, NULL, NULL, 'N'),
(1756, 21, 'Tochimilco', '2014-07-07', NULL, NULL, NULL, 'N'),
(1757, 21, 'Tochtepec', '2014-07-07', NULL, NULL, NULL, 'N'),
(1758, 21, 'Totoltepec de Guerrero', '2014-07-07', NULL, NULL, NULL, 'N'),
(1759, 21, 'Tulcingo', '2014-07-07', NULL, NULL, NULL, 'N'),
(1760, 21, 'Tuzamapan de Galeana', '2014-07-07', NULL, NULL, NULL, 'N'),
(1761, 21, 'Tzicatlacoyan', '2014-07-07', NULL, NULL, NULL, 'N'),
(1762, 21, 'Venustiano Carranza', '2014-07-07', NULL, NULL, NULL, 'N'),
(1763, 21, 'Vicente Guerrero', '2014-07-07', NULL, NULL, NULL, 'N'),
(1764, 21, 'Xayacatlán de Bravo', '2014-07-07', NULL, NULL, NULL, 'N'),
(1765, 21, 'Xicotepec', '2014-07-07', NULL, NULL, NULL, 'N'),
(1766, 21, 'Xicotlán', '2014-07-07', NULL, NULL, NULL, 'N'),
(1767, 21, 'Xiutetelco', '2014-07-07', NULL, NULL, NULL, 'N'),
(1768, 21, 'Xochiapulco', '2014-07-07', NULL, NULL, NULL, 'N'),
(1769, 21, 'Xochiltepec', '2014-07-07', NULL, NULL, NULL, 'N'),
(1770, 21, 'Xochitlán de Vicente Suárez', '2014-07-07', NULL, NULL, NULL, 'N'),
(1771, 21, 'Xochitlán Todos Santos', '2014-07-07', NULL, NULL, NULL, 'N'),
(1772, 21, 'Yaonáhuac', '2014-07-07', NULL, NULL, NULL, 'N'),
(1773, 21, 'Yehualtepec', '2014-07-07', NULL, NULL, NULL, 'N'),
(1774, 21, 'Zacapala', '2014-07-07', NULL, NULL, NULL, 'N'),
(1775, 21, 'Zacapoaxtla', '2014-07-07', NULL, NULL, NULL, 'N'),
(1776, 21, 'Zacatlán', '2014-07-07', NULL, NULL, NULL, 'N'),
(1777, 21, 'Zapotitlán', '2014-07-07', NULL, NULL, NULL, 'N'),
(1778, 21, 'Zapotitlán de Méndez', '2014-07-07', NULL, NULL, NULL, 'N'),
(1779, 21, 'Zaragoza', '2014-07-07', NULL, NULL, NULL, 'N'),
(1780, 21, 'Zautla', '2014-07-07', NULL, NULL, NULL, 'N'),
(1781, 21, 'Zihuateutla', '2014-07-07', NULL, NULL, NULL, 'N'),
(1782, 21, 'Zinacatepec', '2014-07-07', NULL, NULL, NULL, 'N'),
(1783, 21, 'Zongozotla', '2014-07-07', NULL, NULL, NULL, 'N'),
(1784, 21, 'Zoquiapan', '2014-07-07', NULL, NULL, NULL, 'N'),
(1785, 21, 'Zoquitlán', '2014-07-07', NULL, NULL, NULL, 'N'),
(1786, 22, 'Amealco de Bonfil', '2014-07-07', NULL, NULL, NULL, 'N'),
(1787, 22, 'Pinal de Amoles', '2014-07-07', NULL, NULL, NULL, 'N'),
(1788, 22, 'Arroyo Seco', '2014-07-07', NULL, NULL, NULL, 'N'),
(1789, 22, 'Cadereyta de Montes', '2014-07-07', NULL, NULL, NULL, 'N'),
(1790, 22, 'Colón', '2014-07-07', NULL, NULL, NULL, 'N'),
(1791, 22, 'Corregidora', '2014-07-07', NULL, NULL, NULL, 'N'),
(1792, 22, 'Ezequiel Montes', '2014-07-07', NULL, NULL, NULL, 'N'),
(1793, 22, 'Huimilpan', '2014-07-07', NULL, NULL, NULL, 'N'),
(1794, 22, 'Jalpan de Serra', '2014-07-07', NULL, NULL, NULL, 'N'),
(1795, 22, 'Landa de Matamoros', '2014-07-07', NULL, NULL, NULL, 'N'),
(1796, 22, 'El Marqués', '2014-07-07', NULL, NULL, NULL, 'N'),
(1797, 22, 'Pedro Escobedo', '2014-07-07', NULL, NULL, NULL, 'N'),
(1798, 22, 'Peñamiller', '2014-07-07', NULL, NULL, NULL, 'N'),
(1799, 22, 'Querétaro', '2014-07-07', NULL, NULL, NULL, 'N'),
(1800, 22, 'San Joaquín', '2014-07-07', NULL, NULL, NULL, 'N'),
(1801, 22, 'San Juan del Río', '2014-07-07', NULL, NULL, NULL, 'N'),
(1802, 22, 'Tequisquiapan', '2014-07-07', NULL, NULL, NULL, 'N'),
(1803, 22, 'Tolimán', '2014-07-07', NULL, NULL, NULL, 'N'),
(1804, 23, 'Cozumel', '2014-07-07', NULL, NULL, NULL, 'N'),
(1805, 23, 'Felipe Carrillo Puerto', '2014-07-07', NULL, NULL, NULL, 'N'),
(1806, 23, 'Isla Mujeres', '2014-07-07', NULL, NULL, NULL, 'N'),
(1807, 23, 'Othón P. Blanco', '2014-07-07', NULL, NULL, NULL, 'N'),
(1808, 23, 'Benito Juárez', '2014-07-07', NULL, NULL, NULL, 'N'),
(1809, 23, 'José María Morelos', '2014-07-07', NULL, NULL, NULL, 'N'),
(1810, 23, 'Lázaro Cárdenas', '2014-07-07', NULL, NULL, NULL, 'N'),
(1811, 23, 'Solidaridad', '2014-07-07', NULL, NULL, NULL, 'N'),
(1812, 23, 'Tulum', '2014-07-07', NULL, NULL, NULL, 'N'),
(1813, 24, 'Ahualulco', '2014-07-07', NULL, NULL, NULL, 'N'),
(1814, 24, 'Alaquines', '2014-07-07', NULL, NULL, NULL, 'N'),
(1815, 24, 'Aquismón', '2014-07-07', NULL, NULL, NULL, 'N'),
(1816, 24, 'Armadillo de los Infante', '2014-07-07', NULL, NULL, NULL, 'N'),
(1817, 24, 'Cárdenas', '2014-07-07', NULL, NULL, NULL, 'N'),
(1818, 24, 'Catorce', '2014-07-07', NULL, NULL, NULL, 'N'),
(1819, 24, 'Cedral', '2014-07-07', NULL, NULL, NULL, 'N'),
(1820, 24, 'Cerritos', '2014-07-07', NULL, NULL, NULL, 'N'),
(1821, 24, 'Cerro de San Pedro', '2014-07-07', NULL, NULL, NULL, 'N'),
(1822, 24, 'Ciudad del Maíz', '2014-07-07', NULL, NULL, NULL, 'N'),
(1823, 24, 'Ciudad Fernández', '2014-07-07', NULL, NULL, NULL, 'N'),
(1824, 24, 'Tancanhuitz', '2014-07-07', NULL, NULL, NULL, 'N'),
(1825, 24, 'Ciudad Valles', '2014-07-07', NULL, NULL, NULL, 'N'),
(1826, 24, 'Coxcatlán', '2014-07-07', NULL, NULL, NULL, 'N'),
(1827, 24, 'Charcas', '2014-07-07', NULL, NULL, NULL, 'N'),
(1828, 24, 'Ebano', '2014-07-07', NULL, NULL, NULL, 'N'),
(1829, 24, 'Guadalcázar', '2014-07-07', NULL, NULL, NULL, 'N'),
(1830, 24, 'Huehuetlán', '2014-07-07', NULL, NULL, NULL, 'N'),
(1831, 24, 'Lagunillas', '2014-07-07', NULL, NULL, NULL, 'N'),
(1832, 24, 'Matehuala', '2014-07-07', NULL, NULL, NULL, 'N'),
(1833, 24, 'Mexquitic de Carmona', '2014-07-07', NULL, NULL, NULL, 'N'),
(1834, 24, 'Moctezuma', '2014-07-07', NULL, NULL, NULL, 'N'),
(1835, 24, 'Rayón', '2014-07-07', NULL, NULL, NULL, 'N'),
(1836, 24, 'Rioverde', '2014-07-07', NULL, NULL, NULL, 'N'),
(1837, 24, 'Salinas', '2014-07-07', NULL, NULL, NULL, 'N'),
(1838, 24, 'San Antonio', '2014-07-07', NULL, NULL, NULL, 'N'),
(1839, 24, 'San Ciro de Acosta', '2014-07-07', NULL, NULL, NULL, 'N'),
(1840, 24, 'San Luis Potosí', '2014-07-07', NULL, NULL, NULL, 'N'),
(1841, 24, 'San Martín Chalchicuautla', '2014-07-07', NULL, NULL, NULL, 'N'),
(1842, 24, 'San Nicolás Tolentino', '2014-07-07', NULL, NULL, NULL, 'N'),
(1843, 24, 'Santa Catarina', '2014-07-07', NULL, NULL, NULL, 'N'),
(1844, 24, 'Santa María del Río', '2014-07-07', NULL, NULL, NULL, 'N'),
(1845, 24, 'Santo Domingo', '2014-07-07', NULL, NULL, NULL, 'N'),
(1846, 24, 'San Vicente Tancuayalab', '2014-07-07', NULL, NULL, NULL, 'N'),
(1847, 24, 'Soledad de Graciano Sánchez', '2014-07-07', NULL, NULL, NULL, 'N'),
(1848, 24, 'Tamasopo', '2014-07-07', NULL, NULL, NULL, 'N'),
(1849, 24, 'Tamazunchale', '2014-07-07', NULL, NULL, NULL, 'N'),
(1850, 24, 'Tampacán', '2014-07-07', NULL, NULL, NULL, 'N'),
(1851, 24, 'Tampamolón Corona', '2014-07-07', NULL, NULL, NULL, 'N'),
(1852, 24, 'Tamuín', '2014-07-07', NULL, NULL, NULL, 'N'),
(1853, 24, 'Tanlajás', '2014-07-07', NULL, NULL, NULL, 'N'),
(1854, 24, 'Tanquián de Escobedo', '2014-07-07', NULL, NULL, NULL, 'N'),
(1855, 24, 'Tierra Nueva', '2014-07-07', NULL, NULL, NULL, 'N'),
(1856, 24, 'Vanegas', '2014-07-07', NULL, NULL, NULL, 'N'),
(1857, 24, 'Venado', '2014-07-07', NULL, NULL, NULL, 'N'),
(1858, 24, 'Villa de Arriaga', '2014-07-07', NULL, NULL, NULL, 'N'),
(1859, 24, 'Villa de Guadalupe', '2014-07-07', NULL, NULL, NULL, 'N'),
(1860, 24, 'Villa de la Paz', '2014-07-07', NULL, NULL, NULL, 'N'),
(1861, 24, 'Villa de Ramos', '2014-07-07', NULL, NULL, NULL, 'N'),
(1862, 24, 'Villa de Reyes', '2014-07-07', NULL, NULL, NULL, 'N'),
(1863, 24, 'Villa Hidalgo', '2014-07-07', NULL, NULL, NULL, 'N'),
(1864, 24, 'Villa Juárez', '2014-07-07', NULL, NULL, NULL, 'N'),
(1865, 24, 'Axtla de Terrazas', '2014-07-07', NULL, NULL, NULL, 'N'),
(1866, 24, 'Xilitla', '2014-07-07', NULL, NULL, NULL, 'N'),
(1867, 24, 'Zaragoza', '2014-07-07', NULL, NULL, NULL, 'N'),
(1868, 24, 'Villa de Arista', '2014-07-07', NULL, NULL, NULL, 'N'),
(1869, 24, 'Matlapa', '2014-07-07', NULL, NULL, NULL, 'N'),
(1870, 24, 'El Naranjo', '2014-07-07', NULL, NULL, NULL, 'N'),
(1871, 25, 'Ahome', '2014-07-07', NULL, NULL, NULL, 'N'),
(1872, 25, 'Angostura', '2014-07-07', NULL, NULL, NULL, 'N'),
(1873, 25, 'Badiraguato', '2014-07-07', NULL, NULL, NULL, 'N'),
(1874, 25, 'Concordia', '2014-07-07', NULL, NULL, NULL, 'N'),
(1875, 25, 'Cosalá', '2014-07-07', NULL, NULL, NULL, 'N'),
(1876, 25, 'Culiacán', '2014-07-07', NULL, NULL, NULL, 'N'),
(1877, 25, 'Choix', '2014-07-07', NULL, NULL, NULL, 'N'),
(1878, 25, 'Elota', '2014-07-07', NULL, NULL, NULL, 'N'),
(1879, 25, 'Escuinapa', '2014-07-07', NULL, NULL, NULL, 'N'),
(1880, 25, 'El Fuerte', '2014-07-07', NULL, NULL, NULL, 'N'),
(1881, 25, 'Guasave', '2014-07-07', NULL, NULL, NULL, 'N'),
(1882, 25, 'Mazatlán', '2014-07-07', NULL, NULL, NULL, 'N'),
(1883, 25, 'Mocorito', '2014-07-07', NULL, NULL, NULL, 'N'),
(1884, 25, 'Rosario', '2014-07-07', NULL, NULL, NULL, 'N'),
(1885, 25, 'Salvador Alvarado', '2014-07-07', NULL, NULL, NULL, 'N'),
(1886, 25, 'San Ignacio', '2014-07-07', NULL, NULL, NULL, 'N'),
(1887, 25, 'Sinaloa', '2014-07-07', NULL, NULL, NULL, 'N'),
(1888, 25, 'Navolato', '2014-07-07', NULL, NULL, NULL, 'N'),
(1889, 26, 'Aconchi', '2014-07-07', NULL, NULL, NULL, 'N'),
(1890, 26, 'Agua Prieta', '2014-07-07', NULL, NULL, NULL, 'N'),
(1891, 26, 'Alamos', '2014-07-07', NULL, NULL, NULL, 'N'),
(1892, 26, 'Altar', '2014-07-07', NULL, NULL, NULL, 'N'),
(1893, 26, 'Arivechi', '2014-07-07', NULL, NULL, NULL, 'N'),
(1894, 26, 'Arizpe', '2014-07-07', NULL, NULL, NULL, 'N'),
(1895, 26, 'Atil', '2014-07-07', NULL, NULL, NULL, 'N'),
(1896, 26, 'Bacadéhuachi', '2014-07-07', NULL, NULL, NULL, 'N'),
(1897, 26, 'Bacanora', '2014-07-07', NULL, NULL, NULL, 'N'),
(1898, 26, 'Bacerac', '2014-07-07', NULL, NULL, NULL, 'N'),
(1899, 26, 'Bacoachi', '2014-07-07', NULL, NULL, NULL, 'N'),
(1900, 26, 'Bácum', '2014-07-07', NULL, NULL, NULL, 'N'),
(1901, 26, 'Banámichi', '2014-07-07', NULL, NULL, NULL, 'N'),
(1902, 26, 'Baviácora', '2014-07-07', NULL, NULL, NULL, 'N'),
(1903, 26, 'Bavispe', '2014-07-07', NULL, NULL, NULL, 'N'),
(1904, 26, 'Benjamín Hill', '2014-07-07', NULL, NULL, NULL, 'N'),
(1905, 26, 'Caborca', '2014-07-07', NULL, NULL, NULL, 'N'),
(1906, 26, 'Cajeme', '2014-07-07', NULL, NULL, NULL, 'N'),
(1907, 26, 'Cananea', '2014-07-07', NULL, NULL, NULL, 'N'),
(1908, 26, 'Carbó', '2014-07-07', NULL, NULL, NULL, 'N'),
(1909, 26, 'La Colorada', '2014-07-07', NULL, NULL, NULL, 'N'),
(1910, 26, 'Cucurpe', '2014-07-07', NULL, NULL, NULL, 'N'),
(1911, 26, 'Cumpas', '2014-07-07', NULL, NULL, NULL, 'N'),
(1912, 26, 'Divisaderos', '2014-07-07', NULL, NULL, NULL, 'N'),
(1913, 26, 'Empalme', '2014-07-07', NULL, NULL, NULL, 'N'),
(1914, 26, 'Etchojoa', '2014-07-07', NULL, NULL, NULL, 'N'),
(1915, 26, 'Fronteras', '2014-07-07', NULL, NULL, NULL, 'N'),
(1916, 26, 'Granados', '2014-07-07', NULL, NULL, NULL, 'N'),
(1917, 26, 'Guaymas', '2014-07-07', NULL, NULL, NULL, 'N'),
(1918, 26, 'Hermosillo', '2014-07-07', NULL, NULL, NULL, 'N'),
(1919, 26, 'Huachinera', '2014-07-07', NULL, NULL, NULL, 'N'),
(1920, 26, 'Huásabas', '2014-07-07', NULL, NULL, NULL, 'N'),
(1921, 26, 'Huatabampo', '2014-07-07', NULL, NULL, NULL, 'N'),
(1922, 26, 'Huépac', '2014-07-07', NULL, NULL, NULL, 'N'),
(1923, 26, 'Imuris', '2014-07-07', NULL, NULL, NULL, 'N'),
(1924, 26, 'Magdalena', '2014-07-07', NULL, NULL, NULL, 'N'),
(1925, 26, 'Mazatán', '2014-07-07', NULL, NULL, NULL, 'N'),
(1926, 26, 'Moctezuma', '2014-07-07', NULL, NULL, NULL, 'N'),
(1927, 26, 'Naco', '2014-07-07', NULL, NULL, NULL, 'N'),
(1928, 26, 'Nácori Chico', '2014-07-07', NULL, NULL, NULL, 'N'),
(1929, 26, 'Nacozari de García', '2014-07-07', NULL, NULL, NULL, 'N'),
(1930, 26, 'Navojoa', '2014-07-07', NULL, NULL, NULL, 'N'),
(1931, 26, 'Nogales', '2014-07-07', NULL, NULL, NULL, 'N'),
(1932, 26, 'Onavas', '2014-07-07', NULL, NULL, NULL, 'N'),
(1933, 26, 'Opodepe', '2014-07-07', NULL, NULL, NULL, 'N'),
(1934, 26, 'Oquitoa', '2014-07-07', NULL, NULL, NULL, 'N'),
(1935, 26, 'Pitiquito', '2014-07-07', NULL, NULL, NULL, 'N'),
(1936, 26, 'Puerto Peñasco', '2014-07-07', NULL, NULL, NULL, 'N'),
(1937, 26, 'Quiriego', '2014-07-07', NULL, NULL, NULL, 'N'),
(1938, 26, 'Rayón', '2014-07-07', NULL, NULL, NULL, 'N'),
(1939, 26, 'Rosario', '2014-07-07', NULL, NULL, NULL, 'N'),
(1940, 26, 'Sahuaripa', '2014-07-07', NULL, NULL, NULL, 'N'),
(1941, 26, 'San Felipe de Jesús', '2014-07-07', NULL, NULL, NULL, 'N'),
(1942, 26, 'San Javier', '2014-07-07', NULL, NULL, NULL, 'N'),
(1943, 26, 'San Luis Río Colorado', '2014-07-07', NULL, NULL, NULL, 'N'),
(1944, 26, 'San Miguel de Horcasitas', '2014-07-07', NULL, NULL, NULL, 'N'),
(1945, 26, 'San Pedro de la Cueva', '2014-07-07', NULL, NULL, NULL, 'N'),
(1946, 26, 'Santa Ana', '2014-07-07', NULL, NULL, NULL, 'N'),
(1947, 26, 'Santa Cruz', '2014-07-07', NULL, NULL, NULL, 'N'),
(1948, 26, 'Sáric', '2014-07-07', NULL, NULL, NULL, 'N'),
(1949, 26, 'Soyopa', '2014-07-07', NULL, NULL, NULL, 'N'),
(1950, 26, 'Suaqui Grande', '2014-07-07', NULL, NULL, NULL, 'N'),
(1951, 26, 'Tepache', '2014-07-07', NULL, NULL, NULL, 'N'),
(1952, 26, 'Trincheras', '2014-07-07', NULL, NULL, NULL, 'N'),
(1953, 26, 'Tubutama', '2014-07-07', NULL, NULL, NULL, 'N'),
(1954, 26, 'Ures', '2014-07-07', NULL, NULL, NULL, 'N'),
(1955, 26, 'Villa Hidalgo', '2014-07-07', NULL, NULL, NULL, 'N'),
(1956, 26, 'Villa Pesqueira', '2014-07-07', NULL, NULL, NULL, 'N'),
(1957, 26, 'Yécora', '2014-07-07', NULL, NULL, NULL, 'N'),
(1958, 26, 'General Plutarco Elías Calles', '2014-07-07', NULL, NULL, NULL, 'N'),
(1959, 26, 'Benito Juárez', '2014-07-07', NULL, NULL, NULL, 'N'),
(1960, 26, 'San Ignacio Río Muerto', '2014-07-07', NULL, NULL, NULL, 'N'),
(1961, 27, 'Balancán', '2014-07-07', NULL, NULL, NULL, 'N'),
(1962, 27, 'Cárdenas', '2014-07-07', NULL, NULL, NULL, 'N'),
(1963, 27, 'Centla', '2014-07-07', NULL, NULL, NULL, 'N'),
(1964, 27, 'Centro', '2014-07-07', NULL, NULL, NULL, 'N'),
(1965, 27, 'Comalcalco', '2014-07-07', NULL, NULL, NULL, 'N'),
(1966, 27, 'Cunduacán', '2014-07-07', NULL, NULL, NULL, 'N'),
(1967, 27, 'Emiliano Zapata', '2014-07-07', NULL, NULL, NULL, 'N'),
(1968, 27, 'Huimanguillo', '2014-07-07', NULL, NULL, NULL, 'N'),
(1969, 27, 'Jalapa', '2014-07-07', NULL, NULL, NULL, 'N'),
(1970, 27, 'Jalpa de Méndez', '2014-07-07', NULL, NULL, NULL, 'N'),
(1971, 27, 'Jonuta', '2014-07-07', NULL, NULL, NULL, 'N'),
(1972, 27, 'Macuspana', '2014-07-07', NULL, NULL, NULL, 'N'),
(1973, 27, 'Nacajuca', '2014-07-07', NULL, NULL, NULL, 'N'),
(1974, 27, 'Paraíso', '2014-07-07', NULL, NULL, NULL, 'N'),
(1975, 27, 'Tacotalpa', '2014-07-07', NULL, NULL, NULL, 'N'),
(1976, 27, 'Teapa', '2014-07-07', NULL, NULL, NULL, 'N'),
(1977, 27, 'Tenosique', '2014-07-07', NULL, NULL, NULL, 'N'),
(1978, 28, 'Abasolo', '2014-07-07', NULL, NULL, NULL, 'N'),
(1979, 28, 'Aldama', '2014-07-07', NULL, NULL, NULL, 'N'),
(1980, 28, 'Altamira', '2014-07-07', NULL, NULL, NULL, 'N'),
(1981, 28, 'Antiguo Morelos', '2014-07-07', NULL, NULL, NULL, 'N'),
(1982, 28, 'Burgos', '2014-07-07', NULL, NULL, NULL, 'N'),
(1983, 28, 'Bustamante', '2014-07-07', NULL, NULL, NULL, 'N'),
(1984, 28, 'Camargo', '2014-07-07', NULL, NULL, NULL, 'N'),
(1985, 28, 'Casas', '2014-07-07', NULL, NULL, NULL, 'N'),
(1986, 28, 'Ciudad Madero', '2014-07-07', NULL, NULL, NULL, 'N'),
(1987, 28, 'Cruillas', '2014-07-07', NULL, NULL, NULL, 'N'),
(1988, 28, 'Gómez Farías', '2014-07-07', NULL, NULL, NULL, 'N'),
(1989, 28, 'González', '2014-07-07', NULL, NULL, NULL, 'N'),
(1990, 28, 'Güémez', '2014-07-07', NULL, NULL, NULL, 'N'),
(1991, 28, 'Guerrero', '2014-07-07', NULL, NULL, NULL, 'N'),
(1992, 28, 'Gustavo Díaz Ordaz', '2014-07-07', NULL, NULL, NULL, 'N'),
(1993, 28, 'Hidalgo', '2014-07-07', NULL, NULL, NULL, 'N'),
(1994, 28, 'Jaumave', '2014-07-07', NULL, NULL, NULL, 'N'),
(1995, 28, 'Jiménez', '2014-07-07', NULL, NULL, NULL, 'N'),
(1996, 28, 'Llera', '2014-07-07', NULL, NULL, NULL, 'N'),
(1997, 28, 'Mainero', '2014-07-07', NULL, NULL, NULL, 'N'),
(1998, 28, 'El Mante', '2014-07-07', NULL, NULL, NULL, 'N'),
(1999, 28, 'Matamoros', '2014-07-07', NULL, NULL, NULL, 'N'),
(2000, 28, 'Méndez', '2014-07-07', NULL, NULL, NULL, 'N'),
(2001, 28, 'Mier', '2014-07-07', NULL, NULL, NULL, 'N'),
(2002, 28, 'Miguel Alemán', '2014-07-07', NULL, NULL, NULL, 'N'),
(2003, 28, 'Miquihuana', '2014-07-07', NULL, NULL, NULL, 'N'),
(2004, 28, 'Nuevo Laredo', '2014-07-07', NULL, NULL, NULL, 'N'),
(2005, 28, 'Nuevo Morelos', '2014-07-07', NULL, NULL, NULL, 'N'),
(2006, 28, 'Ocampo', '2014-07-07', NULL, NULL, NULL, 'N'),
(2007, 28, 'Padilla', '2014-07-07', NULL, NULL, NULL, 'N'),
(2008, 28, 'Palmillas', '2014-07-07', NULL, NULL, NULL, 'N'),
(2009, 28, 'Reynosa', '2014-07-07', NULL, NULL, NULL, 'N'),
(2010, 28, 'Río Bravo', '2014-07-07', NULL, NULL, NULL, 'N'),
(2011, 28, 'San Carlos', '2014-07-07', NULL, NULL, NULL, 'N'),
(2012, 28, 'San Fernando', '2014-07-07', NULL, NULL, NULL, 'N'),
(2013, 28, 'San Nicolás', '2014-07-07', NULL, NULL, NULL, 'N'),
(2014, 28, 'Soto la Marina', '2014-07-07', NULL, NULL, NULL, 'N'),
(2015, 28, 'Tampico', '2014-07-07', NULL, NULL, NULL, 'N'),
(2016, 28, 'Tula', '2014-07-07', NULL, NULL, NULL, 'N'),
(2017, 28, 'Valle Hermoso', '2014-07-07', NULL, NULL, NULL, 'N'),
(2018, 28, 'Victoria', '2014-07-07', NULL, NULL, NULL, 'N'),
(2019, 28, 'Villagrán', '2014-07-07', NULL, NULL, NULL, 'N'),
(2020, 28, 'Xicoténcatl', '2014-07-07', NULL, NULL, NULL, 'N'),
(2021, 29, 'Amaxac de Guerrero', '2014-07-07', NULL, NULL, NULL, 'N'),
(2022, 29, 'Apetatitlán de Antonio Carvajal', '2014-07-07', NULL, NULL, NULL, 'N'),
(2023, 29, 'Atlangatepec', '2014-07-07', NULL, NULL, NULL, 'N'),
(2024, 29, 'Atltzayanca', '2014-07-07', NULL, NULL, NULL, 'N'),
(2025, 29, 'Apizaco', '2014-07-07', NULL, NULL, NULL, 'N'),
(2026, 29, 'Calpulalpan', '2014-07-07', NULL, NULL, NULL, 'N'),
(2027, 29, 'El Carmen Tequexquitla', '2014-07-07', NULL, NULL, NULL, 'N'),
(2028, 29, 'Cuapiaxtla', '2014-07-07', NULL, NULL, NULL, 'N'),
(2029, 29, 'Cuaxomulco', '2014-07-07', NULL, NULL, NULL, 'N'),
(2030, 29, 'Chiautempan', '2014-07-07', NULL, NULL, NULL, 'N'),
(2031, 29, 'Muñoz de Domingo Arenas', '2014-07-07', NULL, NULL, NULL, 'N'),
(2032, 29, 'Españita', '2014-07-07', NULL, NULL, NULL, 'N'),
(2033, 29, 'Huamantla', '2014-07-07', NULL, NULL, NULL, 'N'),
(2034, 29, 'Hueyotlipan', '2014-07-07', NULL, NULL, NULL, 'N'),
(2035, 29, 'Ixtacuixtla de Mariano Matamoros', '2014-07-07', NULL, NULL, NULL, 'N'),
(2036, 29, 'Ixtenco', '2014-07-07', NULL, NULL, NULL, 'N'),
(2037, 29, 'Mazatecochco de José María Morelos', '2014-07-07', NULL, NULL, NULL, 'N'),
(2038, 29, 'Contla de Juan Cuamatzi', '2014-07-07', NULL, NULL, NULL, 'N'),
(2039, 29, 'Tepetitla de Lardizábal', '2014-07-07', NULL, NULL, NULL, 'N'),
(2040, 29, 'Sanctórum de Lázaro Cárdenas', '2014-07-07', NULL, NULL, NULL, 'N'),
(2041, 29, 'Nanacamilpa de Mariano Arista', '2014-07-07', NULL, NULL, NULL, 'N'),
(2042, 29, 'Acuamanala de Miguel Hidalgo', '2014-07-07', NULL, NULL, NULL, 'N'),
(2043, 29, 'Natívitas', '2014-07-07', NULL, NULL, NULL, 'N'),
(2044, 29, 'Panotla', '2014-07-07', NULL, NULL, NULL, 'N'),
(2045, 29, 'San Pablo del Monte', '2014-07-07', NULL, NULL, NULL, 'N'),
(2046, 29, 'Santa Cruz Tlaxcala', '2014-07-07', NULL, NULL, NULL, 'N'),
(2047, 29, 'Tenancingo', '2014-07-07', NULL, NULL, NULL, 'N'),
(2048, 29, 'Teolocholco', '2014-07-07', NULL, NULL, NULL, 'N'),
(2049, 29, 'Tepeyanco', '2014-07-07', NULL, NULL, NULL, 'N'),
(2050, 29, 'Terrenate', '2014-07-07', NULL, NULL, NULL, 'N'),
(2051, 29, 'Tetla de la Solidaridad', '2014-07-07', NULL, NULL, NULL, 'N'),
(2052, 29, 'Tetlatlahuca', '2014-07-07', NULL, NULL, NULL, 'N'),
(2053, 29, 'Tlaxcala', '2014-07-07', NULL, NULL, NULL, 'N'),
(2054, 29, 'Tlaxco', '2014-07-07', NULL, NULL, NULL, 'N'),
(2055, 29, 'Tocatlán', '2014-07-07', NULL, NULL, NULL, 'N'),
(2056, 29, 'Totolac', '2014-07-07', NULL, NULL, NULL, 'N'),
(2057, 29, 'Ziltlaltépec de Trinidad Sánchez Santos', '2014-07-07', NULL, NULL, NULL, 'N'),
(2058, 29, 'Tzompantepec', '2014-07-07', NULL, NULL, NULL, 'N'),
(2059, 29, 'Xaloztoc', '2014-07-07', NULL, NULL, NULL, 'N'),
(2060, 29, 'Xaltocan', '2014-07-07', NULL, NULL, NULL, 'N'),
(2061, 29, 'Papalotla de Xicohténcatl', '2014-07-07', NULL, NULL, NULL, 'N'),
(2062, 29, 'Xicohtzinco', '2014-07-07', NULL, NULL, NULL, 'N'),
(2063, 29, 'Yauhquemehcan', '2014-07-07', NULL, NULL, NULL, 'N'),
(2064, 29, 'Zacatelco', '2014-07-07', NULL, NULL, NULL, 'N'),
(2065, 29, 'Benito Juárez', '2014-07-07', NULL, NULL, NULL, 'N'),
(2066, 29, 'Emiliano Zapata', '2014-07-07', NULL, NULL, NULL, 'N'),
(2067, 29, 'Lázaro Cárdenas', '2014-07-07', NULL, NULL, NULL, 'N'),
(2068, 29, 'La Magdalena Tlaltelulco', '2014-07-07', NULL, NULL, NULL, 'N'),
(2069, 29, 'San Damián Texóloc', '2014-07-07', NULL, NULL, NULL, 'N'),
(2070, 29, 'San Francisco Tetlanohcan', '2014-07-07', NULL, NULL, NULL, 'N'),
(2071, 29, 'San Jerónimo Zacualpan', '2014-07-07', NULL, NULL, NULL, 'N'),
(2072, 29, 'San José Teacalco', '2014-07-07', NULL, NULL, NULL, 'N'),
(2073, 29, 'San Juan Huactzinco', '2014-07-07', NULL, NULL, NULL, 'N'),
(2074, 29, 'San Lorenzo Axocomanitla', '2014-07-07', NULL, NULL, NULL, 'N'),
(2075, 29, 'San Lucas Tecopilco', '2014-07-07', NULL, NULL, NULL, 'N'),
(2076, 29, 'Santa Ana Nopalucan', '2014-07-07', NULL, NULL, NULL, 'N'),
(2077, 29, 'Santa Apolonia Teacalco', '2014-07-07', NULL, NULL, NULL, 'N'),
(2078, 29, 'Santa Catarina Ayometla', '2014-07-07', NULL, NULL, NULL, 'N'),
(2079, 29, 'Santa Cruz Quilehtla', '2014-07-07', NULL, NULL, NULL, 'N'),
(2080, 29, 'Santa Isabel Xiloxoxtla', '2014-07-07', NULL, NULL, NULL, 'N'),
(2081, 30, 'Acajete', '2014-07-07', NULL, NULL, NULL, 'N'),
(2082, 30, 'Acatlán', '2014-07-07', NULL, NULL, NULL, 'N'),
(2083, 30, 'Acayucan', '2014-07-07', NULL, NULL, NULL, 'N'),
(2084, 30, 'Actopan', '2014-07-07', NULL, NULL, NULL, 'N'),
(2085, 30, 'Acula', '2014-07-07', NULL, NULL, NULL, 'N'),
(2086, 30, 'Acultzingo', '2014-07-07', NULL, NULL, NULL, 'N'),
(2087, 30, 'Camarón de Tejeda', '2014-07-07', NULL, NULL, NULL, 'N'),
(2088, 30, 'Alpatláhuac', '2014-07-07', NULL, NULL, NULL, 'N'),
(2089, 30, 'Alto Lucero de Gutiérrez Barrios', '2014-07-07', NULL, NULL, NULL, 'N'),
(2090, 30, 'Altotonga', '2014-07-07', NULL, NULL, NULL, 'N'),
(2091, 30, 'Alvarado', '2014-07-07', NULL, NULL, NULL, 'N'),
(2092, 30, 'Amatitlán', '2014-07-07', NULL, NULL, NULL, 'N'),
(2093, 30, 'Naranjos Amatlán', '2014-07-07', NULL, NULL, NULL, 'N'),
(2094, 30, 'Amatlán de los Reyes', '2014-07-07', NULL, NULL, NULL, 'N'),
(2095, 30, 'Angel R. Cabada', '2014-07-07', NULL, NULL, NULL, 'N'),
(2096, 30, 'La Antigua', '2014-07-07', NULL, NULL, NULL, 'N'),
(2097, 30, 'Apazapan', '2014-07-07', NULL, NULL, NULL, 'N'),
(2098, 30, 'Aquila', '2014-07-07', NULL, NULL, NULL, 'N'),
(2099, 30, 'Astacinga', '2014-07-07', NULL, NULL, NULL, 'N'),
(2100, 30, 'Atlahuilco', '2014-07-07', NULL, NULL, NULL, 'N'),
(2101, 30, 'Atoyac', '2014-07-07', NULL, NULL, NULL, 'N'),
(2102, 30, 'Atzacan', '2014-07-07', NULL, NULL, NULL, 'N'),
(2103, 30, 'Atzalan', '2014-07-07', NULL, NULL, NULL, 'N'),
(2104, 30, 'Tlaltetela', '2014-07-07', NULL, NULL, NULL, 'N'),
(2105, 30, 'Ayahualulco', '2014-07-07', NULL, NULL, NULL, 'N'),
(2106, 30, 'Banderilla', '2014-07-07', NULL, NULL, NULL, 'N'),
(2107, 30, 'Benito Juárez', '2014-07-07', NULL, NULL, NULL, 'N'),
(2108, 30, 'Boca del Río', '2014-07-07', NULL, NULL, NULL, 'N'),
(2109, 30, 'Calcahualco', '2014-07-07', NULL, NULL, NULL, 'N'),
(2110, 30, 'Camerino Z. Mendoza', '2014-07-07', NULL, NULL, NULL, 'N'),
(2111, 30, 'Carrillo Puerto', '2014-07-07', NULL, NULL, NULL, 'N'),
(2112, 30, 'Catemaco', '2014-07-07', NULL, NULL, NULL, 'N'),
(2113, 30, 'Cazones de Herrera', '2014-07-07', NULL, NULL, NULL, 'N'),
(2114, 30, 'Cerro Azul', '2014-07-07', NULL, NULL, NULL, 'N'),
(2115, 30, 'Citlaltépetl', '2014-07-07', NULL, NULL, NULL, 'N'),
(2116, 30, 'Coacoatzintla', '2014-07-07', NULL, NULL, NULL, 'N'),
(2117, 30, 'Coahuitlán', '2014-07-07', NULL, NULL, NULL, 'N'),
(2118, 30, 'Coatepec', '2014-07-07', NULL, NULL, NULL, 'N'),
(2119, 30, 'Coatzacoalcos', '2014-07-07', NULL, NULL, NULL, 'N'),
(2120, 30, 'Coatzintla', '2014-07-07', NULL, NULL, NULL, 'N'),
(2121, 30, 'Coetzala', '2014-07-07', NULL, NULL, NULL, 'N'),
(2122, 30, 'Colipa', '2014-07-07', NULL, NULL, NULL, 'N'),
(2123, 30, 'Comapa', '2014-07-07', NULL, NULL, NULL, 'N'),
(2124, 30, 'Córdoba', '2014-07-07', NULL, NULL, NULL, 'N'),
(2125, 30, 'Cosamaloapan de Carpio', '2014-07-07', NULL, NULL, NULL, 'N'),
(2126, 30, 'Cosautlán de Carvajal', '2014-07-07', NULL, NULL, NULL, 'N'),
(2127, 30, 'Coscomatepec', '2014-07-07', NULL, NULL, NULL, 'N'),
(2128, 30, 'Cosoleacaque', '2014-07-07', NULL, NULL, NULL, 'N'),
(2129, 30, 'Cotaxtla', '2014-07-07', NULL, NULL, NULL, 'N'),
(2130, 30, 'Coxquihui', '2014-07-07', NULL, NULL, NULL, 'N'),
(2131, 30, 'Coyutla', '2014-07-07', NULL, NULL, NULL, 'N'),
(2132, 30, 'Cuichapa', '2014-07-07', NULL, NULL, NULL, 'N'),
(2133, 30, 'Cuitláhuac', '2014-07-07', NULL, NULL, NULL, 'N'),
(2134, 30, 'Chacaltianguis', '2014-07-07', NULL, NULL, NULL, 'N'),
(2135, 30, 'Chalma', '2014-07-07', NULL, NULL, NULL, 'N'),
(2136, 30, 'Chiconamel', '2014-07-07', NULL, NULL, NULL, 'N'),
(2137, 30, 'Chiconquiaco', '2014-07-07', NULL, NULL, NULL, 'N'),
(2138, 30, 'Chicontepec', '2014-07-07', NULL, NULL, NULL, 'N'),
(2139, 30, 'Chinameca', '2014-07-07', NULL, NULL, NULL, 'N'),
(2140, 30, 'Chinampa de Gorostiza', '2014-07-07', NULL, NULL, NULL, 'N'),
(2141, 30, 'Las Choapas', '2014-07-07', NULL, NULL, NULL, 'N'),
(2142, 30, 'Chocamán', '2014-07-07', NULL, NULL, NULL, 'N'),
(2143, 30, 'Chontla', '2014-07-07', NULL, NULL, NULL, 'N'),
(2144, 30, 'Chumatlán', '2014-07-07', NULL, NULL, NULL, 'N'),
(2145, 30, 'Emiliano Zapata', '2014-07-07', NULL, NULL, NULL, 'N'),
(2146, 30, 'Espinal', '2014-07-07', NULL, NULL, NULL, 'N'),
(2147, 30, 'Filomeno Mata', '2014-07-07', NULL, NULL, NULL, 'N'),
(2148, 30, 'Fortín', '2014-07-07', NULL, NULL, NULL, 'N'),
(2149, 30, 'Gutiérrez Zamora', '2014-07-07', NULL, NULL, NULL, 'N'),
(2150, 30, 'Hidalgotitlán', '2014-07-07', NULL, NULL, NULL, 'N'),
(2151, 30, 'Huatusco', '2014-07-07', NULL, NULL, NULL, 'N'),
(2152, 30, 'Huayacocotla', '2014-07-07', NULL, NULL, NULL, 'N'),
(2153, 30, 'Hueyapan de Ocampo', '2014-07-07', NULL, NULL, NULL, 'N'),
(2154, 30, 'Huiloapan de Cuauhtémoc', '2014-07-07', NULL, NULL, NULL, 'N'),
(2155, 30, 'Ignacio de la Llave', '2014-07-07', NULL, NULL, NULL, 'N'),
(2156, 30, 'Ilamatlán', '2014-07-07', NULL, NULL, NULL, 'N'),
(2157, 30, 'Isla', '2014-07-07', NULL, NULL, NULL, 'N'),
(2158, 30, 'Ixcatepec', '2014-07-07', NULL, NULL, NULL, 'N'),
(2159, 30, 'Ixhuacán de los Reyes', '2014-07-07', NULL, NULL, NULL, 'N'),
(2160, 30, 'Ixhuatlán del Café', '2014-07-07', NULL, NULL, NULL, 'N'),
(2161, 30, 'Ixhuatlancillo', '2014-07-07', NULL, NULL, NULL, 'N'),
(2162, 30, 'Ixhuatlán del Sureste', '2014-07-07', NULL, NULL, NULL, 'N'),
(2163, 30, 'Ixhuatlán de Madero', '2014-07-07', NULL, NULL, NULL, 'N'),
(2164, 30, 'Ixmatlahuacan', '2014-07-07', NULL, NULL, NULL, 'N'),
(2165, 30, 'Ixtaczoquitlán', '2014-07-07', NULL, NULL, NULL, 'N'),
(2166, 30, 'Jalacingo', '2014-07-07', NULL, NULL, NULL, 'N'),
(2167, 30, 'Xalapa', '2014-07-07', NULL, NULL, NULL, 'N'),
(2168, 30, 'Jalcomulco', '2014-07-07', NULL, NULL, NULL, 'N'),
(2169, 30, 'Jáltipan', '2014-07-07', NULL, NULL, NULL, 'N'),
(2170, 30, 'Jamapa', '2014-07-07', NULL, NULL, NULL, 'N'),
(2171, 30, 'Jesús Carranza', '2014-07-07', NULL, NULL, NULL, 'N'),
(2172, 30, 'Xico', '2014-07-07', NULL, NULL, NULL, 'N'),
(2173, 30, 'Jilotepec', '2014-07-07', NULL, NULL, NULL, 'N'),
(2174, 30, 'Juan Rodríguez Clara', '2014-07-07', NULL, NULL, NULL, 'N'),
(2175, 30, 'Juchique de Ferrer', '2014-07-07', NULL, NULL, NULL, 'N'),
(2176, 30, 'Landero y Coss', '2014-07-07', NULL, NULL, NULL, 'N'),
(2177, 30, 'Lerdo de Tejada', '2014-07-07', NULL, NULL, NULL, 'N'),
(2178, 30, 'Magdalena', '2014-07-07', NULL, NULL, NULL, 'N'),
(2179, 30, 'Maltrata', '2014-07-07', NULL, NULL, NULL, 'N'),
(2180, 30, 'Manlio Fabio Altamirano', '2014-07-07', NULL, NULL, NULL, 'N'),
(2181, 30, 'Mariano Escobedo', '2014-07-07', NULL, NULL, NULL, 'N'),
(2182, 30, 'Martínez de la Torre', '2014-07-07', NULL, NULL, NULL, 'N'),
(2183, 30, 'Mecatlán', '2014-07-07', NULL, NULL, NULL, 'N'),
(2184, 30, 'Mecayapan', '2014-07-07', NULL, NULL, NULL, 'N'),
(2185, 30, 'Medellín', '2014-07-07', NULL, NULL, NULL, 'N'),
(2186, 30, 'Miahuatlán', '2014-07-07', NULL, NULL, NULL, 'N'),
(2187, 30, 'Las Minas', '2014-07-07', NULL, NULL, NULL, 'N'),
(2188, 30, 'Minatitlán', '2014-07-07', NULL, NULL, NULL, 'N'),
(2189, 30, 'Misantla', '2014-07-07', NULL, NULL, NULL, 'N'),
(2190, 30, 'Mixtla de Altamirano', '2014-07-07', NULL, NULL, NULL, 'N'),
(2191, 30, 'Moloacán', '2014-07-07', NULL, NULL, NULL, 'N'),
(2192, 30, 'Naolinco', '2014-07-07', NULL, NULL, NULL, 'N'),
(2193, 30, 'Naranjal', '2014-07-07', NULL, NULL, NULL, 'N'),
(2194, 30, 'Nautla', '2014-07-07', NULL, NULL, NULL, 'N'),
(2195, 30, 'Nogales', '2014-07-07', NULL, NULL, NULL, 'N'),
(2196, 30, 'Oluta', '2014-07-07', NULL, NULL, NULL, 'N'),
(2197, 30, 'Omealca', '2014-07-07', NULL, NULL, NULL, 'N'),
(2198, 30, 'Orizaba', '2014-07-07', NULL, NULL, NULL, 'N'),
(2199, 30, 'Otatitlán', '2014-07-07', NULL, NULL, NULL, 'N'),
(2200, 30, 'Oteapan', '2014-07-07', NULL, NULL, NULL, 'N'),
(2201, 30, 'Ozuluama de Mascareñas', '2014-07-07', NULL, NULL, NULL, 'N'),
(2202, 30, 'Pajapan', '2014-07-07', NULL, NULL, NULL, 'N'),
(2203, 30, 'Pánuco', '2014-07-07', NULL, NULL, NULL, 'N'),
(2204, 30, 'Papantla', '2014-07-07', NULL, NULL, NULL, 'N'),
(2205, 30, 'Paso del Macho', '2014-07-07', NULL, NULL, NULL, 'N'),
(2206, 30, 'Paso de Ovejas', '2014-07-07', NULL, NULL, NULL, 'N'),
(2207, 30, 'La Perla', '2014-07-07', NULL, NULL, NULL, 'N'),
(2208, 30, 'Perote', '2014-07-07', NULL, NULL, NULL, 'N'),
(2209, 30, 'Platón Sánchez', '2014-07-07', NULL, NULL, NULL, 'N'),
(2210, 30, 'Playa Vicente', '2014-07-07', NULL, NULL, NULL, 'N'),
(2211, 30, 'Poza Rica de Hidalgo', '2014-07-07', NULL, NULL, NULL, 'N'),
(2212, 30, 'Las Vigas de Ramírez', '2014-07-07', NULL, NULL, NULL, 'N'),
(2213, 30, 'Pueblo Viejo', '2014-07-07', NULL, NULL, NULL, 'N'),
(2214, 30, 'Puente Nacional', '2014-07-07', NULL, NULL, NULL, 'N'),
(2215, 30, 'Rafael Delgado', '2014-07-07', NULL, NULL, NULL, 'N'),
(2216, 30, 'Rafael Lucio', '2014-07-07', NULL, NULL, NULL, 'N'),
(2217, 30, 'Los Reyes', '2014-07-07', NULL, NULL, NULL, 'N'),
(2218, 30, 'Río Blanco', '2014-07-07', NULL, NULL, NULL, 'N'),
(2219, 30, 'Saltabarranca', '2014-07-07', NULL, NULL, NULL, 'N'),
(2220, 30, 'San Andrés Tenejapan', '2014-07-07', NULL, NULL, NULL, 'N'),
(2221, 30, 'San Andrés Tuxtla', '2014-07-07', NULL, NULL, NULL, 'N'),
(2222, 30, 'San Juan Evangelista', '2014-07-07', NULL, NULL, NULL, 'N'),
(2223, 30, 'Santiago Tuxtla', '2014-07-07', NULL, NULL, NULL, 'N'),
(2224, 30, 'Sayula de Alemán', '2014-07-07', NULL, NULL, NULL, 'N'),
(2225, 30, 'Soconusco', '2014-07-07', NULL, NULL, NULL, 'N'),
(2226, 30, 'Sochiapa', '2014-07-07', NULL, NULL, NULL, 'N'),
(2227, 30, 'Soledad Atzompa', '2014-07-07', NULL, NULL, NULL, 'N'),
(2228, 30, 'Soledad de Doblado', '2014-07-07', NULL, NULL, NULL, 'N'),
(2229, 30, 'Soteapan', '2014-07-07', NULL, NULL, NULL, 'N'),
(2230, 30, 'Tamalín', '2014-07-07', NULL, NULL, NULL, 'N'),
(2231, 30, 'Tamiahua', '2014-07-07', NULL, NULL, NULL, 'N'),
(2232, 30, 'Tampico Alto', '2014-07-07', NULL, NULL, NULL, 'N'),
(2233, 30, 'Tancoco', '2014-07-07', NULL, NULL, NULL, 'N'),
(2234, 30, 'Tantima', '2014-07-07', NULL, NULL, NULL, 'N'),
(2235, 30, 'Tantoyuca', '2014-07-07', NULL, NULL, NULL, 'N'),
(2236, 30, 'Tatatila', '2014-07-07', NULL, NULL, NULL, 'N'),
(2237, 30, 'Castillo de Teayo', '2014-07-07', NULL, NULL, NULL, 'N'),
(2238, 30, 'Tecolutla', '2014-07-07', NULL, NULL, NULL, 'N'),
(2239, 30, 'Tehuipango', '2014-07-07', NULL, NULL, NULL, 'N'),
(2240, 30, 'Álamo Temapache', '2014-07-07', NULL, NULL, NULL, 'N'),
(2241, 30, 'Tempoal', '2014-07-07', NULL, NULL, NULL, 'N'),
(2242, 30, 'Tenampa', '2014-07-07', NULL, NULL, NULL, 'N'),
(2243, 30, 'Tenochtitlán', '2014-07-07', NULL, NULL, NULL, 'N'),
(2244, 30, 'Teocelo', '2014-07-07', NULL, NULL, NULL, 'N'),
(2245, 30, 'Tepatlaxco', '2014-07-07', NULL, NULL, NULL, 'N'),
(2246, 30, 'Tepetlán', '2014-07-07', NULL, NULL, NULL, 'N'),
(2247, 30, 'Tepetzintla', '2014-07-07', NULL, NULL, NULL, 'N'),
(2248, 30, 'Tequila', '2014-07-07', NULL, NULL, NULL, 'N'),
(2249, 30, 'José Azueta', '2014-07-07', NULL, NULL, NULL, 'N'),
(2250, 30, 'Texcatepec', '2014-07-07', NULL, NULL, NULL, 'N'),
(2251, 30, 'Texhuacán', '2014-07-07', NULL, NULL, NULL, 'N'),
(2252, 30, 'Texistepec', '2014-07-07', NULL, NULL, NULL, 'N'),
(2253, 30, 'Tezonapa', '2014-07-07', NULL, NULL, NULL, 'N'),
(2254, 30, 'Tierra Blanca', '2014-07-07', NULL, NULL, NULL, 'N'),
(2255, 30, 'Tihuatlán', '2014-07-07', NULL, NULL, NULL, 'N'),
(2256, 30, 'Tlacojalpan', '2014-07-07', NULL, NULL, NULL, 'N'),
(2257, 30, 'Tlacolulan', '2014-07-07', NULL, NULL, NULL, 'N'),
(2258, 30, 'Tlacotalpan', '2014-07-07', NULL, NULL, NULL, 'N'),
(2259, 30, 'Tlacotepec de Mejía', '2014-07-07', NULL, NULL, NULL, 'N'),
(2260, 30, 'Tlachichilco', '2014-07-07', NULL, NULL, NULL, 'N'),
(2261, 30, 'Tlalixcoyan', '2014-07-07', NULL, NULL, NULL, 'N'),
(2262, 30, 'Tlalnelhuayocan', '2014-07-07', NULL, NULL, NULL, 'N'),
(2263, 30, 'Tlapacoyan', '2014-07-07', NULL, NULL, NULL, 'N'),
(2264, 30, 'Tlaquilpa', '2014-07-07', NULL, NULL, NULL, 'N'),
(2265, 30, 'Tlilapan', '2014-07-07', NULL, NULL, NULL, 'N'),
(2266, 30, 'Tomatlán', '2014-07-07', NULL, NULL, NULL, 'N'),
(2267, 30, 'Tonayán', '2014-07-07', NULL, NULL, NULL, 'N'),
(2268, 30, 'Totutla', '2014-07-07', NULL, NULL, NULL, 'N'),
(2269, 30, 'Tuxpan', '2014-07-07', NULL, NULL, NULL, 'N'),
(2270, 30, 'Tuxtilla', '2014-07-07', NULL, NULL, NULL, 'N'),
(2271, 30, 'Ursulo Galván', '2014-07-07', NULL, NULL, NULL, 'N'),
(2272, 30, 'Vega de Alatorre', '2014-07-07', NULL, NULL, NULL, 'N'),
(2273, 30, 'Veracruz', '2014-07-07', NULL, NULL, NULL, 'N'),
(2274, 30, 'Villa Aldama', '2014-07-07', NULL, NULL, NULL, 'N'),
(2275, 30, 'Xoxocotla', '2014-07-07', NULL, NULL, NULL, 'N'),
(2276, 30, 'Yanga', '2014-07-07', NULL, NULL, NULL, 'N'),
(2277, 30, 'Yecuatla', '2014-07-07', NULL, NULL, NULL, 'N'),
(2278, 30, 'Zacualpan', '2014-07-07', NULL, NULL, NULL, 'N'),
(2279, 30, 'Zaragoza', '2014-07-07', NULL, NULL, NULL, 'N'),
(2280, 30, 'Zentla', '2014-07-07', NULL, NULL, NULL, 'N'),
(2281, 30, 'Zongolica', '2014-07-07', NULL, NULL, NULL, 'N'),
(2282, 30, 'Zontecomatlán de López y Fuentes', '2014-07-07', NULL, NULL, NULL, 'N'),
(2283, 30, 'Zozocolco de Hidalgo', '2014-07-07', NULL, NULL, NULL, 'N'),
(2284, 30, 'Agua Dulce', '2014-07-07', NULL, NULL, NULL, 'N'),
(2285, 30, 'El Higo', '2014-07-07', NULL, NULL, NULL, 'N'),
(2286, 30, 'Nanchital de Lázaro Cárdenas del Río', '2014-07-07', NULL, NULL, NULL, 'N'),
(2287, 30, 'Tres Valles', '2014-07-07', NULL, NULL, NULL, 'N'),
(2288, 30, 'Carlos A. Carrillo', '2014-07-07', NULL, NULL, NULL, 'N'),
(2289, 30, 'Tatahuicapan de Juárez', '2014-07-07', NULL, NULL, NULL, 'N'),
(2290, 30, 'Uxpanapa', '2014-07-07', NULL, NULL, NULL, 'N'),
(2291, 30, 'San Rafael', '2014-07-07', NULL, NULL, NULL, 'N'),
(2292, 30, 'Santiago Sochiapan', '2014-07-07', NULL, NULL, NULL, 'N'),
(2293, 31, 'Abalá', '2014-07-07', NULL, NULL, NULL, 'N'),
(2294, 31, 'Acanceh', '2014-07-07', NULL, NULL, NULL, 'N'),
(2295, 31, 'Akil', '2014-07-07', NULL, NULL, NULL, 'N'),
(2296, 31, 'Baca', '2014-07-07', NULL, NULL, NULL, 'N'),
(2297, 31, 'Bokobá', '2014-07-07', NULL, NULL, NULL, 'N'),
(2298, 31, 'Buctzotz', '2014-07-07', NULL, NULL, NULL, 'N'),
(2299, 31, 'Cacalchén', '2014-07-07', NULL, NULL, NULL, 'N'),
(2300, 31, 'Calotmul', '2014-07-07', NULL, NULL, NULL, 'N'),
(2301, 31, 'Cansahcab', '2014-07-07', NULL, NULL, NULL, 'N'),
(2302, 31, 'Cantamayec', '2014-07-07', NULL, NULL, NULL, 'N'),
(2303, 31, 'Celestún', '2014-07-07', NULL, NULL, NULL, 'N'),
(2304, 31, 'Cenotillo', '2014-07-07', NULL, NULL, NULL, 'N'),
(2305, 31, 'Conkal', '2014-07-07', NULL, NULL, NULL, 'N'),
(2306, 31, 'Cuncunul', '2014-07-07', NULL, NULL, NULL, 'N'),
(2307, 31, 'Cuzamá', '2014-07-07', NULL, NULL, NULL, 'N'),
(2308, 31, 'Chacsinkín', '2014-07-07', NULL, NULL, NULL, 'N'),
(2309, 31, 'Chankom', '2014-07-07', NULL, NULL, NULL, 'N'),
(2310, 31, 'Chapab', '2014-07-07', NULL, NULL, NULL, 'N'),
(2311, 31, 'Chemax', '2014-07-07', NULL, NULL, NULL, 'N'),
(2312, 31, 'Chicxulub Pueblo', '2014-07-07', NULL, NULL, NULL, 'N'),
(2313, 31, 'Chichimilá', '2014-07-07', NULL, NULL, NULL, 'N'),
(2314, 31, 'Chikindzonot', '2014-07-07', NULL, NULL, NULL, 'N'),
(2315, 31, 'Chocholá', '2014-07-07', NULL, NULL, NULL, 'N'),
(2316, 31, 'Chumayel', '2014-07-07', NULL, NULL, NULL, 'N'),
(2317, 31, 'Dzán', '2014-07-07', NULL, NULL, NULL, 'N'),
(2318, 31, 'Dzemul', '2014-07-07', NULL, NULL, NULL, 'N'),
(2319, 31, 'Dzidzantún', '2014-07-07', NULL, NULL, NULL, 'N'),
(2320, 31, 'Dzilam de Bravo', '2014-07-07', NULL, NULL, NULL, 'N');
INSERT INTO `detmunicipios` (`id_detmunicipio`, `id_catestado`, `dsc_nombre`, `fec_alta`, `fec_modif`, `fec_baja`, `dsc_baja`, `sta_baja`) VALUES
(2321, 31, 'Dzilam González', '2014-07-07', NULL, NULL, NULL, 'N'),
(2322, 31, 'Dzitás', '2014-07-07', NULL, NULL, NULL, 'N'),
(2323, 31, 'Dzoncauich', '2014-07-07', NULL, NULL, NULL, 'N'),
(2324, 31, 'Espita', '2014-07-07', NULL, NULL, NULL, 'N'),
(2325, 31, 'Halachó', '2014-07-07', NULL, NULL, NULL, 'N'),
(2326, 31, 'Hocabá', '2014-07-07', NULL, NULL, NULL, 'N'),
(2327, 31, 'Hoctún', '2014-07-07', NULL, NULL, NULL, 'N'),
(2328, 31, 'Homún', '2014-07-07', NULL, NULL, NULL, 'N'),
(2329, 31, 'Huhí', '2014-07-07', NULL, NULL, NULL, 'N'),
(2330, 31, 'Hunucmá', '2014-07-07', NULL, NULL, NULL, 'N'),
(2331, 31, 'Ixil', '2014-07-07', NULL, NULL, NULL, 'N'),
(2332, 31, 'Izamal', '2014-07-07', NULL, NULL, NULL, 'N'),
(2333, 31, 'Kanasín', '2014-07-07', NULL, NULL, NULL, 'N'),
(2334, 31, 'Kantunil', '2014-07-07', NULL, NULL, NULL, 'N'),
(2335, 31, 'Kaua', '2014-07-07', NULL, NULL, NULL, 'N'),
(2336, 31, 'Kinchil', '2014-07-07', NULL, NULL, NULL, 'N'),
(2337, 31, 'Kopomá', '2014-07-07', NULL, NULL, NULL, 'N'),
(2338, 31, 'Mama', '2014-07-07', NULL, NULL, NULL, 'N'),
(2339, 31, 'Maní', '2014-07-07', NULL, NULL, NULL, 'N'),
(2340, 31, 'Maxcanú', '2014-07-07', NULL, NULL, NULL, 'N'),
(2341, 31, 'Mayapán', '2014-07-07', NULL, NULL, NULL, 'N'),
(2342, 31, 'Mérida', '2014-07-07', NULL, NULL, NULL, 'N'),
(2343, 31, 'Mocochá', '2014-07-07', NULL, NULL, NULL, 'N'),
(2344, 31, 'Motul', '2014-07-07', NULL, NULL, NULL, 'N'),
(2345, 31, 'Muna', '2014-07-07', NULL, NULL, NULL, 'N'),
(2346, 31, 'Muxupip', '2014-07-07', NULL, NULL, NULL, 'N'),
(2347, 31, 'Opichén', '2014-07-07', NULL, NULL, NULL, 'N'),
(2348, 31, 'Oxkutzcab', '2014-07-07', NULL, NULL, NULL, 'N'),
(2349, 31, 'Panabá', '2014-07-07', NULL, NULL, NULL, 'N'),
(2350, 31, 'Peto', '2014-07-07', NULL, NULL, NULL, 'N'),
(2351, 31, 'Progreso', '2014-07-07', NULL, NULL, NULL, 'N'),
(2352, 31, 'Quintana Roo', '2014-07-07', NULL, NULL, NULL, 'N'),
(2353, 31, 'Río Lagartos', '2014-07-07', NULL, NULL, NULL, 'N'),
(2354, 31, 'Sacalum', '2014-07-07', NULL, NULL, NULL, 'N'),
(2355, 31, 'Samahil', '2014-07-07', NULL, NULL, NULL, 'N'),
(2356, 31, 'Sanahcat', '2014-07-07', NULL, NULL, NULL, 'N'),
(2357, 31, 'San Felipe', '2014-07-07', NULL, NULL, NULL, 'N'),
(2358, 31, 'Santa Elena', '2014-07-07', NULL, NULL, NULL, 'N'),
(2359, 31, 'Seyé', '2014-07-07', NULL, NULL, NULL, 'N'),
(2360, 31, 'Sinanché', '2014-07-07', NULL, NULL, NULL, 'N'),
(2361, 31, 'Sotuta', '2014-07-07', NULL, NULL, NULL, 'N'),
(2362, 31, 'Sucilá', '2014-07-07', NULL, NULL, NULL, 'N'),
(2363, 31, 'Sudzal', '2014-07-07', NULL, NULL, NULL, 'N'),
(2364, 31, 'Suma', '2014-07-07', NULL, NULL, NULL, 'N'),
(2365, 31, 'Tahdziú', '2014-07-07', NULL, NULL, NULL, 'N'),
(2366, 31, 'Tahmek', '2014-07-07', NULL, NULL, NULL, 'N'),
(2367, 31, 'Teabo', '2014-07-07', NULL, NULL, NULL, 'N'),
(2368, 31, 'Tecoh', '2014-07-07', NULL, NULL, NULL, 'N'),
(2369, 31, 'Tekal de Venegas', '2014-07-07', NULL, NULL, NULL, 'N'),
(2370, 31, 'Tekantó', '2014-07-07', NULL, NULL, NULL, 'N'),
(2371, 31, 'Tekax', '2014-07-07', NULL, NULL, NULL, 'N'),
(2372, 31, 'Tekit', '2014-07-07', NULL, NULL, NULL, 'N'),
(2373, 31, 'Tekom', '2014-07-07', NULL, NULL, NULL, 'N'),
(2374, 31, 'Telchac Pueblo', '2014-07-07', NULL, NULL, NULL, 'N'),
(2375, 31, 'Telchac Puerto', '2014-07-07', NULL, NULL, NULL, 'N'),
(2376, 31, 'Temax', '2014-07-07', NULL, NULL, NULL, 'N'),
(2377, 31, 'Temozón', '2014-07-07', NULL, NULL, NULL, 'N'),
(2378, 31, 'Tepakán', '2014-07-07', NULL, NULL, NULL, 'N'),
(2379, 31, 'Tetiz', '2014-07-07', NULL, NULL, NULL, 'N'),
(2380, 31, 'Teya', '2014-07-07', NULL, NULL, NULL, 'N'),
(2381, 31, 'Ticul', '2014-07-07', NULL, NULL, NULL, 'N'),
(2382, 31, 'Timucuy', '2014-07-07', NULL, NULL, NULL, 'N'),
(2383, 31, 'Tinum', '2014-07-07', NULL, NULL, NULL, 'N'),
(2384, 31, 'Tixcacalcupul', '2014-07-07', NULL, NULL, NULL, 'N'),
(2385, 31, 'Tixkokob', '2014-07-07', NULL, NULL, NULL, 'N'),
(2386, 31, 'Tixmehuac', '2014-07-07', NULL, NULL, NULL, 'N'),
(2387, 31, 'Tixpéhual', '2014-07-07', NULL, NULL, NULL, 'N'),
(2388, 31, 'Tizimín', '2014-07-07', NULL, NULL, NULL, 'N'),
(2389, 31, 'Tunkás', '2014-07-07', NULL, NULL, NULL, 'N'),
(2390, 31, 'Tzucacab', '2014-07-07', NULL, NULL, NULL, 'N'),
(2391, 31, 'Uayma', '2014-07-07', NULL, NULL, NULL, 'N'),
(2392, 31, 'Ucú', '2014-07-07', NULL, NULL, NULL, 'N'),
(2393, 31, 'Umán', '2014-07-07', NULL, NULL, NULL, 'N'),
(2394, 31, 'Valladolid', '2014-07-07', NULL, NULL, NULL, 'N'),
(2395, 31, 'Xocchel', '2014-07-07', NULL, NULL, NULL, 'N'),
(2396, 31, 'Yaxcabá', '2014-07-07', NULL, NULL, NULL, 'N'),
(2397, 31, 'Yaxkukul', '2014-07-07', NULL, NULL, NULL, 'N'),
(2398, 31, 'Yobaín', '2014-07-07', NULL, NULL, NULL, 'N'),
(2399, 32, 'Apozol', '2014-07-07', NULL, NULL, NULL, 'N'),
(2400, 32, 'Apulco', '2014-07-07', NULL, NULL, NULL, 'N'),
(2401, 32, 'Atolinga', '2014-07-07', NULL, NULL, NULL, 'N'),
(2402, 32, 'Benito Juárez', '2014-07-07', NULL, NULL, NULL, 'N'),
(2403, 32, 'Calera', '2014-07-07', NULL, NULL, NULL, 'N'),
(2404, 32, 'Cañitas de Felipe Pescador', '2014-07-07', NULL, NULL, NULL, 'N'),
(2405, 32, 'Concepción del Oro', '2014-07-07', NULL, NULL, NULL, 'N'),
(2406, 32, 'Cuauhtémoc', '2014-07-07', NULL, NULL, NULL, 'N'),
(2407, 32, 'Chalchihuites', '2014-07-07', NULL, NULL, NULL, 'N'),
(2408, 32, 'Fresnillo', '2014-07-07', NULL, NULL, NULL, 'N'),
(2409, 32, 'Trinidad García de la Cadena', '2014-07-07', NULL, NULL, NULL, 'N'),
(2410, 32, 'Genaro Codina', '2014-07-07', NULL, NULL, NULL, 'N'),
(2411, 32, 'General Enrique Estrada', '2014-07-07', NULL, NULL, NULL, 'N'),
(2412, 32, 'General Francisco R. Murguía', '2014-07-07', NULL, NULL, NULL, 'N'),
(2413, 32, 'El Plateado de Joaquín Amaro', '2014-07-07', NULL, NULL, NULL, 'N'),
(2414, 32, 'General Pánfilo Natera', '2014-07-07', NULL, NULL, NULL, 'N'),
(2415, 32, 'Guadalupe', '2014-07-07', NULL, NULL, NULL, 'N'),
(2416, 32, 'Huanusco', '2014-07-07', NULL, NULL, NULL, 'N'),
(2417, 32, 'Jalpa', '2014-07-07', NULL, NULL, NULL, 'N'),
(2418, 32, 'Jerez', '2014-07-07', NULL, NULL, NULL, 'N'),
(2419, 32, 'Jiménez del Teul', '2014-07-07', NULL, NULL, NULL, 'N'),
(2420, 32, 'Juan Aldama', '2014-07-07', NULL, NULL, NULL, 'N'),
(2421, 32, 'Juchipila', '2014-07-07', NULL, NULL, NULL, 'N'),
(2422, 32, 'Loreto', '2014-07-07', NULL, NULL, NULL, 'N'),
(2423, 32, 'Luis Moya', '2014-07-07', NULL, NULL, NULL, 'N'),
(2424, 32, 'Mazapil', '2014-07-07', NULL, NULL, NULL, 'N'),
(2425, 32, 'Melchor Ocampo', '2014-07-07', NULL, NULL, NULL, 'N'),
(2426, 32, 'Mezquital del Oro', '2014-07-07', NULL, NULL, NULL, 'N'),
(2427, 32, 'Miguel Auza', '2014-07-07', NULL, NULL, NULL, 'N'),
(2428, 32, 'Momax', '2014-07-07', NULL, NULL, NULL, 'N'),
(2429, 32, 'Monte Escobedo', '2014-07-07', NULL, NULL, NULL, 'N'),
(2430, 32, 'Morelos', '2014-07-07', NULL, NULL, NULL, 'N'),
(2431, 32, 'Moyahua de Estrada', '2014-07-07', NULL, NULL, NULL, 'N'),
(2432, 32, 'Nochistlán de Mejía', '2014-07-07', NULL, NULL, NULL, 'N'),
(2433, 32, 'Noria de Ángeles', '2014-07-07', NULL, NULL, NULL, 'N'),
(2434, 32, 'Ojocaliente', '2014-07-07', NULL, NULL, NULL, 'N'),
(2435, 32, 'Pánuco', '2014-07-07', NULL, NULL, NULL, 'N'),
(2436, 32, 'Pinos', '2014-07-07', NULL, NULL, NULL, 'N'),
(2437, 32, 'Río Grande', '2014-07-07', NULL, NULL, NULL, 'N'),
(2438, 32, 'Sain Alto', '2014-07-07', NULL, NULL, NULL, 'N'),
(2439, 32, 'El Salvador', '2014-07-07', NULL, NULL, NULL, 'N'),
(2440, 32, 'Sombrerete', '2014-07-07', NULL, NULL, NULL, 'N'),
(2441, 32, 'Susticacán', '2014-07-07', NULL, NULL, NULL, 'N'),
(2442, 32, 'Tabasco', '2014-07-07', NULL, NULL, NULL, 'N'),
(2443, 32, 'Tepechitlán', '2014-07-07', NULL, NULL, NULL, 'N'),
(2444, 32, 'Tepetongo', '2014-07-07', NULL, NULL, NULL, 'N'),
(2445, 32, 'Teúl de González Ortega', '2014-07-07', NULL, NULL, NULL, 'N'),
(2446, 32, 'Tlaltenango de Sánchez Román', '2014-07-07', NULL, NULL, NULL, 'N'),
(2447, 32, 'Valparaíso', '2014-07-07', NULL, NULL, NULL, 'N'),
(2448, 32, 'Vetagrande', '2014-07-07', NULL, NULL, NULL, 'N'),
(2449, 32, 'Villa de Cos', '2014-07-07', NULL, NULL, NULL, 'N'),
(2450, 32, 'Villa García', '2014-07-07', NULL, NULL, NULL, 'N'),
(2451, 32, 'Villa González Ortega', '2014-07-07', NULL, NULL, NULL, 'N'),
(2452, 32, 'Villa Hidalgo', '2014-07-07', NULL, NULL, NULL, 'N'),
(2453, 32, 'Villanueva', '2014-07-07', NULL, NULL, NULL, 'N'),
(2454, 32, 'Zacatecas', '2014-07-07', NULL, NULL, NULL, 'N'),
(2455, 32, 'Trancoso', '2014-07-07', NULL, NULL, NULL, 'N'),
(2456, 32, 'Santa María de la Paz', '2014-07-07', NULL, NULL, NULL, 'N');

/*!40101 SET CHARACTER_SET_CLIENT=@OLD_CHARACTER_SET_CLIENT */;
/*!40101 SET CHARACTER_SET_RESULTS=@OLD_CHARACTER_SET_RESULTS */;
/*!40101 SET COLLATION_CONNECTION=@OLD_COLLATION_CONNECTION */;
